state|county|agg_cases|agg_deaths|county_cfr
Alabama|Autauga|15544|380|2.44
Alabama|Baldwin|22783|552|2.42
Alabama|Barbour|10487|63|0.6
Alabama|Bibb|5724|54|0.94
Alabama|Blount|5734|45|0.78
Alabama|Bullock|11163|313|2.8
Alabama|Butler|24130|989|4.1
Alabama|Calhoun|12156|246|2.02
Alabama|Chambers|30475|1841|6.04
Alabama|Cherokee|2704|177|6.55
Alabama|Chilton|7933|108|1.36
Alabama|Choctaw|8671|421|4.86
Alabama|Clarke|8913|164|1.84
Alabama|Clay|2209|117|5.3
Alabama|Cleburne|1381|73|5.29
Alabama|Coffee|15487|54|0.35
Alabama|Colbert|11546|226|1.96
Alabama|Conecuh|3916|59|1.51
Alabama|Coosa|2985|79|2.65
Alabama|Covington|7715|101|1.31
Alabama|Crenshaw|4891|128|2.62
Alabama|Cullman|11600|63|0.54
Alabama|Dale|7714|0|0
Alabama|Dallas|20685|297|1.44
Alabama|DeKalb|17664|238|1.35
Alabama|Elmore|25088|498|1.99
Alabama|Escambia|5535|225|4.07
Alabama|Etowah|19918|868|4.36
Alabama|Fayette|1706|13|0.76
Alabama|Franklin|32156|410|1.28
Alabama|Geneva|2281|0|0
Alabama|Greene|7084|263|3.71
Alabama|Hale|10747|556|5.17
Alabama|Henry|4925|124|2.52
Alabama|Houston|15560|335|2.15
Alabama|Jackson|6976|210|3.01
Alabama|Jefferson|143210|6523|4.55
Alabama|Lamar|2092|8|0.38
Alabama|Lauderdale|11926|252|2.11
Alabama|Lawrence|3343|0|0
Alabama|Lee|45868|2394|5.22
Alabama|Limestone|10069|0|0
Alabama|Lowndes|16071|691|4.3
Alabama|Macon|6096|282|4.63
Alabama|Madison|32842|388|1.18
Alabama|Marengo|10647|461|4.33
Alabama|Marion|9398|740|7.87
Alabama|Marshall|51593|617|1.2
Alabama|Mobile|153268|7532|4.91
Alabama|Monroe|4576|133|2.91
Alabama|Montgomery|117617|2895|2.46
Alabama|Morgan|24055|74|0.31
Alabama|Perry|3168|0|0
Alabama|Pickens|7821|275|3.52
Alabama|Pike|14136|71|0.5
Alabama|Randolph|8891|531|5.97
Alabama|Russell|13327|0|0
Alabama|Shelby|41455|1366|3.3
Alabama|St. Clair|10079|82|0.81
Alabama|Sumter|12977|470|3.62
Alabama|Talladega|8872|264|2.98
Alabama|Tallapoosa|30154|3820|12.67
Alabama|Tuscaloosa|56835|1047|1.84
Alabama|Walker|25618|237|0.93
Alabama|Washington|4873|339|6.96
Alabama|Wilcox|10665|404|3.79
Alabama|Winston|5887|35|0.59
Alaska|Aleutians East Borough|38|0|0
Alaska|Aleutians West Census Area|101|0|0
Alaska|Anchorage|21196|402|1.9
Alaska|Bethel Census Area|253|0|0
Alaska|Bristol Bay Borough|186|0|0
Alaska|Denali Borough|6|0|0
Alaska|Dillingham Census Area|147|0|0
Alaska|Fairbanks North Star Borough|8223|169|2.06
Alaska|Haines Borough|61|0|0
Alaska|Juneau City and Borough|2733|10|0.37
Alaska|Kenai Peninsula Borough|4607|56|1.22
Alaska|Ketchikan Gateway Borough|1718|0|0
Alaska|Kodiak Island Borough|170|0|0
Alaska|Lake and Peninsula Borough|49|0|0
Alaska|Matanuska-Susitna Borough|2616|78|2.98
Alaska|Nome Census Area|225|0|0
Alaska|North Slope Borough|69|0|0
Alaska|Northwest Arctic Borough|123|0|0
Alaska|Petersburg Borough|231|0|0
Alaska|Prince of Wales-Hyder Census Area|171|0|0
Alaska|Sitka City and Borough|323|0|0
Alaska|Southeast Fairbanks Census Area|273|0|0
Alaska|Unknown|187|0|0
Alaska|Valdez-Cordova Census Area|441|0|0
Alaska|Wrangell City and Borough|89|0|0
Alaska|Yukon-Koyukuk Census Area|105|0|0
Arizona|Apache|92908|2444|2.63
Arizona|Cochise|10775|192|1.78
Arizona|Coconino|78103|5316|6.81
Arizona|Gila|4404|134|3.04
Arizona|Graham|2491|68|2.73
Arizona|Greenlee|505|30|5.94
Arizona|La Paz|8095|175|2.16
Arizona|Maricopa|1010603|29006|2.87
Arizona|Mohave|28968|2947|10.17
Arizona|Navajo|132544|4353|3.28
Arizona|Pima|216650|12779|5.9
Arizona|Pinal|84169|2430|2.89
Arizona|Santa Cruz|37283|316|0.85
Arizona|Yavapai|21983|374|1.7
Arizona|Yuma|120393|1691|1.4
Arkansas|Arkansas|555|0|0
Arkansas|Ashley|2203|20|0.91
Arkansas|Baxter|768|0|0
Arkansas|Benton|56180|278|0.49
Arkansas|Boone|616|8|1.3
Arkansas|Bradley|1702|87|5.11
Arkansas|Carroll|3100|72|2.32
Arkansas|Chicot|2370|42|1.77
Arkansas|Clark|3441|0|0
Arkansas|Clay|906|29|3.2
Arkansas|Cleburne|7115|374|5.26
Arkansas|Cleveland|1389|0|0
Arkansas|Columbia|1873|128|6.83
Arkansas|Conway|1414|128|9.05
Arkansas|Craighead|16258|99|0.61
Arkansas|Crawford|2730|1|0.04
Arkansas|Crittenden|27686|611|2.21
Arkansas|Cross|3586|14|0.39
Arkansas|Dallas|195|0|0
Arkansas|Desha|1626|1|0.06
Arkansas|Drew|1785|82|4.59
Arkansas|Faulkner|11419|218|1.91
Arkansas|Franklin|388|0|0
Arkansas|Fulton|399|0|0
Arkansas|Garland|11870|56|0.47
Arkansas|Grant|1533|0|0
Arkansas|Greene|3775|0|0
Arkansas|Hempstead|1537|83|5.4
Arkansas|Hot Spring|5188|0|0
Arkansas|Howard|2259|6|0.27
Arkansas|Independence|2142|0|0
Arkansas|Izard|1015|29|2.86
Arkansas|Jackson|538|0|0
Arkansas|Jefferson|33470|1602|4.79
Arkansas|Johnson|5067|0|0
Arkansas|Lafayette|740|66|8.92
Arkansas|Lawrence|5689|420|7.38
Arkansas|Lee|11872|81|0.68
Arkansas|Lincoln|66967|539|0.8
Arkansas|Little River|932|0|0
Arkansas|Logan|875|1|0.11
Arkansas|Lonoke|4702|5|0.11
Arkansas|Madison|3441|0|0
Arkansas|Marion|126|0|0
Arkansas|Miller|4221|85|2.01
Arkansas|Mississippi|5119|92|1.8
Arkansas|Monroe|432|0|0
Arkansas|Montgomery|112|0|0
Arkansas|Nevada|2265|28|1.24
Arkansas|Newton|252|0|0
Arkansas|Ouachita|865|0|0
Arkansas|Perry|990|0|0
Arkansas|Phillips|2184|99|4.53
Arkansas|Pike|396|0|0
Arkansas|Poinsett|2644|145|5.48
Arkansas|Polk|2096|1|0.05
Arkansas|Pope|11777|75|0.64
Arkansas|Prairie|424|0|0
Arkansas|Pulaski|73125|2467|3.37
Arkansas|Randolph|1988|13|0.65
Arkansas|Saline|9266|109|1.18
Arkansas|Scott|211|0|0
Arkansas|Searcy|607|0|0
Arkansas|Sebastian|6809|60|0.88
Arkansas|Sevier|16179|169|1.04
Arkansas|Sharp|2460|146|5.93
Arkansas|St. Francis|35975|74|0.21
Arkansas|Stone|816|0|0
Arkansas|Union|10428|465|4.46
Arkansas|Unknown|20705|6|0.03
Arkansas|Van Buren|2656|176|6.63
Arkansas|Washington|65390|619|0.95
Arkansas|White|3954|72|1.82
Arkansas|Woodruff|181|0|0
Arkansas|Yell|11821|94|0.8
California|Alameda|244971|7038|2.87
California|Alpine|145|0|0
California|Amador|793|0|0
California|Butte|4120|36|0.87
California|Calaveras|1460|0|0
California|Colusa|530|0|0
California|Contra Costa|118617|3077|2.59
California|Del Norte|1984|0|0
California|El Dorado|6942|0|0
California|Fresno|135383|2390|1.77
California|Glenn|1704|0|0
California|Humboldt|7390|145|1.96
California|Imperial|159436|2151|1.35
California|Inyo|1830|69|3.77
California|Kern|165633|2494|1.51
California|Kings|69657|442|0.63
California|Lake|1537|0|0
California|Lassen|1345|0|0
California|Los Angeles|3845811|157834|4.1
California|Madera|11485|238|2.07
California|Marin|46635|1257|2.7
California|Mariposa|1018|47|4.62
California|Mendocino|2259|0|0
California|Merced|24262|471|1.94
California|Modoc|2|0|0
California|Mono|2855|92|3.22
California|Monterey|45285|679|1.5
California|Napa|10178|246|2.42
California|Nevada|4512|89|1.97
California|Orange|461236|10828|2.35
California|Placer|22308|754|3.38
California|Plumas|377|0|0
California|Riverside|602512|21761|3.61
California|Sacramento|122870|4490|3.65
California|San Benito|7635|195|2.55
California|San Bernardino|388204|12843|3.31
California|San Diego|549302|19006|3.46
California|San Francisco|187873|2990|1.59
California|San Joaquin|91054|2839|3.12
California|San Luis Obispo|23214|88|0.38
California|San Mateo|155737|5904|3.79
California|Santa Barbara|114945|1038|0.9
California|Santa Clara|234505|11026|4.7
California|Santa Cruz|16551|217|1.31
California|Shasta|3798|356|9.37
California|Sierra|40|0|0
California|Siskiyou|879|0|0
California|Solano|41409|1196|2.89
California|Sonoma|41970|319|0.76
California|Stanislaus|64499|1856|2.88
California|Sutter|4767|193|4.05
California|Tehama|887|66|7.44
California|Trinity|128|0|0
California|Tulare|137378|5558|4.05
California|Tuolumne|493|0|0
California|Unknown|7|4|57.14
California|Ventura|89523|2344|2.62
California|Yolo|18314|1605|8.76
California|Yuba|2473|87|3.52
Colorado|Adams|215828|8276|3.83
Colorado|Alamosa|5444|187|3.43
Colorado|Arapahoe|297936|19023|6.38
Colorado|Archuleta|674|0|0
Colorado|Baca|1026|0|0
Colorado|Bent|125|0|0
Colorado|Boulder|70591|4293|6.08
Colorado|Broomfield|17211|1578|9.17
Colorado|Chaffee|5707|1308|22.92
Colorado|Cheyenne|266|0|0
Colorado|Clear Creek|1340|71|5.3
Colorado|Conejos|255|0|0
Colorado|Costilla|622|0|0
Colorado|Crowley|3253|104|3.2
Colorado|Custer|179|0|0
Colorado|Delta|4609|84|1.82
Colorado|Denver|384607|20670|5.37
Colorado|Douglas|54761|2961|5.41
Colorado|Eagle|51940|675|1.3
Colorado|El Paso|121952|7213|5.91
Colorado|Elbert|3541|138|3.9
Colorado|Fremont|1961|0|0
Colorado|Garfield|11716|176|1.5
Colorado|Gilpin|264|0|0
Colorado|Grand|855|2|0.23
Colorado|Gunnison|15031|452|3.01
Colorado|Hinsdale|260|0|0
Colorado|Huerfano|231|0|0
Colorado|Jackson|7|0|0
Colorado|Jefferson|157623|10700|6.79
Colorado|Kit Carson|2043|193|9.45
Colorado|La Plata|6252|53|0.85
Colorado|Lake|2250|0|0
Colorado|Larimer|41988|1869|4.45
Colorado|Las Animas|388|0|0
Colorado|Lincoln|262|0|0
Colorado|Logan|35071|236|0.67
Colorado|Mesa|4837|0|0
Colorado|Mineral|208|0|0
Colorado|Moffat|596|0|0
Colorado|Montezuma|3036|223|7.35
Colorado|Montrose|11933|886|7.42
Colorado|Morgan|39985|2432|6.08
Colorado|Otero|1219|68|5.58
Colorado|Ouray|584|83|14.21
Colorado|Park|1491|0|0
Colorado|Phillips|862|0|0
Colorado|Pitkin|5774|191|3.31
Colorado|Prowers|793|0|0
Colorado|Pueblo|19301|1239|6.42
Colorado|Rio Blanco|111|0|0
Colorado|Rio Grande|2217|19|0.86
Colorado|Routt|5132|413|8.05
Colorado|Saguache|3609|58|1.61
Colorado|San Juan|59|0|0
Colorado|San Miguel|1902|0|0
Colorado|Summit|15680|161|1.03
Colorado|Teller|2690|182|6.77
Colorado|Unknown|6823|35|0.51
Colorado|Washington|1952|0|0
Colorado|Weld|178820|9436|5.28
Colorado|Yuma|1994|0|0
Connecticut|Fairfield|1134301|86028|7.58
Connecticut|Hartford|677837|79393|11.71
Connecticut|Litchfield|97576|8728|8.94
Connecticut|Middlesex|75922|9843|12.96
Connecticut|New Haven|787640|62078|7.88
Connecticut|New London|70594|5327|7.55
Connecticut|Tolland|54458|4126|7.58
Connecticut|Unknown|29260|137|0.47
Connecticut|Windham|27072|787|2.91
Delaware|Kent|93416|4186|4.48
Delaware|New Castle|248247|10583|4.26
Delaware|Sussex|267318|8530|3.19
Delaware|Unknown|2373|15|0.63
District of Columbia|District of Columbia|580807|29425|5.07
Florida|Alachua|35533|501|1.41
Florida|Baker|2452|271|11.05
Florida|Bay|9479|255|2.69
Florida|Bradford|4221|155|3.67
Florida|Brevard|39909|903|2.26
Florida|Broward|602278|22071|3.66
Florida|Calhoun|3304|194|5.87
Florida|Charlotte|32061|3731|11.64
Florida|Citrus|10893|930|8.54
Florida|Clay|30009|2010|6.7
Florida|Collier|126026|3172|2.52
Florida|Columbia|10518|142|1.35
Florida|DeSoto|14716|560|3.81
Florida|Dixie|2672|103|3.85
Florida|Duval|144599|3266|2.26
Florida|Escambia|64108|2000|3.12
Florida|Flagler|13745|305|2.22
Florida|Franklin|205|0|0
Florida|Gadsden|16575|168|1.01
Florida|Gilchrist|1910|0|0
Florida|Glades|4004|92|2.3
Florida|Gulf|370|0|0
Florida|Hamilton|11964|44|0.37
Florida|Hardee|8819|28|0.32
Florida|Hendry|27979|923|3.3
Florida|Hernando|10850|368|3.39
Florida|Highlands|11249|687|6.11
Florida|Hillsborough|223743|5260|2.35
Florida|Holmes|2468|0|0
Florida|Indian River|15068|724|4.8
Florida|Jackson|14072|47|0.33
Florida|Jefferson|2429|209|8.6
Florida|Lafayette|681|0|0
Florida|Lake|31516|1134|3.6
Florida|Lee|163106|7151|4.38
Florida|Leon|30193|434|1.44
Florida|Levy|4362|32|0.73
Florida|Liberty|11855|29|0.24
Florida|Madison|5846|208|3.56
Florida|Manatee|85999|6674|7.76
Florida|Marion|21261|497|2.34
Florida|Martin|53546|845|1.58
Florida|Miami-Dade|1441418|46994|3.26
Florida|Monroe|9417|300|3.19
Florida|Nassau|6433|60|0.93
Florida|Okaloosa|20191|402|1.99
Florida|Okeechobee|7584|0|0
Florida|Orange|216103|3121|1.44
Florida|Osceola|60760|1278|2.1
Florida|Palm Beach|480331|24421|5.08
Florida|Pasco|38838|901|2.32
Florida|Pinellas|138071|5903|4.28
Florida|Polk|87752|3842|4.38
Florida|Putnam|12148|315|2.59
Florida|Santa Rosa|19205|703|3.66
Florida|Sarasota|49938|5218|10.45
Florida|Seminole|55201|860|1.56
Florida|St. Johns|25646|442|1.72
Florida|St. Lucie|45367|2294|5.06
Florida|Sumter|20037|1263|6.3
Florida|Suwannee|14630|1245|8.51
Florida|Taylor|1917|0|0
Florida|Union|1877|45|2.4
Florida|Unknown|5312|45|0.85
Florida|Volusia|61221|2706|4.42
Florida|Wakulla|2486|80|3.22
Florida|Walton|8303|398|4.79
Florida|Washington|3620|294|8.12
Georgia|Appling|10384|765|7.37
Georgia|Atkinson|3385|112|3.31
Georgia|Bacon|7667|171|2.23
Georgia|Baker|2536|211|8.32
Georgia|Baldwin|24692|1504|6.09
Georgia|Banks|5196|19|0.37
Georgia|Barrow|21809|1031|4.73
Georgia|Bartow|37575|2837|7.55
Georgia|Ben Hill|5240|48|0.92
Georgia|Berrien|3423|4|0.12
Georgia|Bibb|34118|1676|4.91
Georgia|Bleckley|2728|16|0.59
Georgia|Brantley|3647|160|4.39
Georgia|Brooks|5844|635|10.87
Georgia|Bryan|5740|337|5.87
Georgia|Bulloch|6426|180|2.8
Georgia|Burke|8493|348|4.1
Georgia|Butts|15275|1481|9.7
Georgia|Calhoun|9832|397|4.04
Georgia|Camden|4632|73|1.58
Georgia|Candler|1056|0|0
Georgia|Carroll|39677|1901|4.79
Georgia|Catoosa|9994|90|0.9
Georgia|Charlton|2009|66|3.29
Georgia|Chatham|38089|1586|4.16
Georgia|Chattahoochee|8863|5|0.06
Georgia|Chattooga|2025|149|7.36
Georgia|Cherokee|61624|2105|3.42
Georgia|Clarke|20819|1201|5.77
Georgia|Clay|2960|183|6.18
Georgia|Clayton|90331|3675|4.07
Georgia|Clinch|3713|90|2.42
Georgia|Cobb|217382|12084|5.56
Georgia|Coffee|19662|878|4.47
Georgia|Colquitt|32430|1006|3.1
Georgia|Columbia|18816|454|2.41
Georgia|Cook|3865|106|2.74
Georgia|Coweta|29294|633|2.16
Georgia|Crawford|1925|0|0
Georgia|Crisp|16527|534|3.23
Georgia|Dade|2393|89|3.72
Georgia|Dawson|7426|135|1.82
Georgia|Decatur|12170|320|2.63
Georgia|DeKalb|262883|7716|2.94
Georgia|Dodge|3636|112|3.08
Georgia|Dooly|12477|837|6.71
Georgia|Dougherty|144271|11214|7.77
Georgia|Douglas|40446|1630|4.03
Georgia|Early|19056|2051|10.76
Georgia|Echols|6016|0|0
Georgia|Effingham|5104|87|1.7
Georgia|Elbert|4481|0|0
Georgia|Emanuel|2747|105|3.82
Georgia|Evans|545|0|0
Georgia|Fannin|3707|66|1.78
Georgia|Fayette|18517|1020|5.51
Georgia|Floyd|21156|1062|5.02
Georgia|Forsyth|37031|905|2.44
Georgia|Franklin|5669|62|1.09
Georgia|Fulton|335592|15844|4.72
Georgia|Gilmer|9084|46|0.51
Georgia|Glascock|97|0|0
Georgia|Glynn|12125|121|1
Georgia|Gordon|13524|1153|8.53
Georgia|Grady|7865|277|3.52
Georgia|Greene|5469|445|8.14
Georgia|Gwinnett|284306|8657|3.04
Georgia|Habersham|33866|1456|4.3
Georgia|Hall|167500|2925|1.75
Georgia|Hancock|10857|1190|10.96
Georgia|Haralson|3433|201|5.85
Georgia|Harris|9493|345|3.63
Georgia|Hart|2139|0|0
Georgia|Heard|2076|166|8
Georgia|Henry|55566|1583|2.85
Georgia|Houston|28009|1374|4.91
Georgia|Irwin|2293|70|3.05
Georgia|Jackson|13772|352|2.56
Georgia|Jasper|2910|41|1.41
Georgia|Jeff Davis|2868|91|3.17
Georgia|Jefferson|2864|83|2.9
Georgia|Jenkins|2526|245|9.7
Georgia|Johnson|5383|150|2.79
Georgia|Jones|3012|0|0
Georgia|Lamar|4717|178|3.77
Georgia|Lanier|2973|141|4.74
Georgia|Laurens|7659|80|1.04
Georgia|Lee|29516|1817|6.16
Georgia|Liberty|5285|29|0.55
Georgia|Lincoln|1337|29|2.17
Georgia|Long|1079|41|3.8
Georgia|Lowndes|30906|368|1.19
Georgia|Lumpkin|6528|92|1.41
Georgia|Macon|7232|411|5.68
Georgia|Madison|3681|139|3.78
Georgia|Marion|3982|126|3.16
Georgia|McDuffie|4878|367|7.52
Georgia|McIntosh|1039|32|3.08
Georgia|Meriwether|7179|108|1.5
Georgia|Miller|3021|0|0
Georgia|Mitchell|30044|2602|8.66
Georgia|Monroe|6772|627|9.26
Georgia|Montgomery|871|0|0
Georgia|Morgan|2797|0|0
Georgia|Murray|6722|67|1
Georgia|Muscogee|51380|1435|2.79
Georgia|Newton|25486|720|2.83
Georgia|Oconee|7896|355|4.5
Georgia|Oglethorpe|4709|397|8.43
Georgia|Paulding|24171|834|3.45
Georgia|Peach|5550|364|6.56
Georgia|Pickens|3700|272|7.35
Georgia|Pierce|7534|269|3.57
Georgia|Pike|4300|180|4.19
Georgia|Polk|8590|37|0.43
Georgia|Pulaski|2936|124|4.22
Georgia|Putnam|6036|568|9.41
Georgia|Quitman|774|77|9.95
Georgia|Rabun|1641|102|6.22
Georgia|Randolph|14271|1571|11.01
Georgia|Richmond|43038|1917|4.45
Georgia|Rockdale|21900|642|2.93
Georgia|Schley|1464|86|5.87
Georgia|Screven|3110|181|5.82
Georgia|Seminole|3207|154|4.8
Georgia|Spalding|20583|1405|6.83
Georgia|Stephens|9261|195|2.11
Georgia|Stewart|3730|50|1.34
Georgia|Sumter|36263|2983|8.23
Georgia|Talbot|2900|115|3.97
Georgia|Taliaferro|78|0|0
Georgia|Tattnall|2523|0|0
Georgia|Taylor|1688|171|10.13
Georgia|Telfair|3096|71|2.29
Georgia|Terrell|16606|1897|11.42
Georgia|Thomas|22613|2090|9.24
Georgia|Tift|21633|1064|4.92
Georgia|Toombs|5750|304|5.29
Georgia|Towns|1956|64|3.27
Georgia|Treutlen|759|13|1.71
Georgia|Troup|33408|945|2.83
Georgia|Turner|8613|870|10.1
Georgia|Twiggs|1095|31|2.83
Georgia|Union|3211|124|3.86
Georgia|Unknown|106240|179|0.17
Georgia|Upson|20886|2254|10.79
Georgia|Walker|10565|115|1.09
Georgia|Walton|17088|976|5.71
Georgia|Ware|16600|988|5.95
Georgia|Warren|1310|0|0
Georgia|Washington|5007|76|1.52
Georgia|Wayne|1820|0|0
Georgia|Webster|965|83|8.6
Georgia|Wheeler|1144|0|0
Georgia|White|7150|166|2.32
Georgia|Whitfield|27733|562|2.03
Georgia|Wilcox|7653|875|11.43
Georgia|Wilkes|2516|49|1.95
Georgia|Wilkinson|4214|345|8.19
Georgia|Worth|16973|1310|7.72
Guam|Unknown|91491|533|0.58
Hawaii|Hawaii|6367|0|0
Hawaii|Honolulu|39620|856|2.16
Hawaii|Kauai|2061|0|0
Hawaii|Maui|9954|454|4.56
Hawaii|Unknown|193|4|2.07
Idaho|Ada|75199|1597|2.12
Idaho|Adams|341|0|0
Idaho|Bannock|2807|30|1.07
Idaho|Bear Lake|1|0|0
Idaho|Benewah|611|0|0
Idaho|Bingham|1031|0|0
Idaho|Blaine|45805|448|0.98
Idaho|Boise|14|0|0
Idaho|Bonner|603|0|0
Idaho|Bonneville|4052|17|0.42
Idaho|Boundary|5|0|0
Idaho|Camas|92|0|0
Idaho|Canyon|27255|512|1.88
Idaho|Caribou|274|0|0
Idaho|Cassia|5555|92|1.66
Idaho|Clearwater|5|0|0
Idaho|Custer|201|0|0
Idaho|Elmore|2726|139|5.1
Idaho|Franklin|491|0|0
Idaho|Fremont|280|0|0
Idaho|Gem|1334|0|0
Idaho|Gooding|2770|14|0.51
Idaho|Idaho|277|0|0
Idaho|Jefferson|702|0|0
Idaho|Jerome|10533|191|1.81
Idaho|Kootenai|7214|13|0.18
Idaho|Latah|534|0|0
Idaho|Lemhi|83|0|0
Idaho|Lincoln|2452|0|0
Idaho|Madison|1681|0|0
Idaho|Minidoka|4115|0|0
Idaho|Nez Perce|6010|1416|23.56
Idaho|Oneida|2|0|0
Idaho|Owyhee|942|0|0
Idaho|Payette|2170|140|6.45
Idaho|Power|483|0|0
Idaho|Teton|936|0|0
Idaho|Twin Falls|27481|1417|5.16
Idaho|Unknown|196|0|0
Idaho|Valley|261|0|0
Idaho|Washington|2671|0|0
Illinois|Adams|3651|61|1.67
Illinois|Alexander|764|0|0
Illinois|Bond|785|76|9.68
Illinois|Boone|25619|1091|4.26
Illinois|Brown|547|0|0
Illinois|Bureau|1301|58|4.46
Illinois|Calhoun|87|0|0
Illinois|Carroll|1119|164|14.66
Illinois|Cass|4775|6|0.13
Illinois|Champaign|37134|583|1.57
Illinois|Christian|2904|430|14.81
Illinois|Clark|749|0|0
Illinois|Clay|150|0|0
Illinois|Clinton|12363|902|7.3
Illinois|Coles|6835|679|9.93
Illinois|Cook|5010774|233030|4.65
Illinois|Crawford|945|0|0
Illinois|Cumberland|604|0|0
Illinois|De Witt|286|0|0
Illinois|DeKalb|24351|518|2.13
Illinois|Douglas|2184|0|0
Illinois|DuPage|476869|24012|5.04
Illinois|Edgar|119|0|0
Illinois|Edwards|98|0|0
Illinois|Effingham|565|83|14.69
Illinois|Fayette|1547|186|12.02
Illinois|Ford|1342|85|6.33
Illinois|Franklin|846|0|0
Illinois|Fulton|629|2|0.32
Illinois|Gallatin|165|0|0
Illinois|Greene|386|0|0
Illinois|Grundy|6772|116|1.71
Illinois|Hamilton|156|0|0
Illinois|Hancock|979|29|2.96
Illinois|Hardin|71|0|0
Illinois|Henderson|495|0|0
Illinois|Henry|4851|19|0.39
Illinois|Iroquois|7713|230|2.98
Illinois|Jackson|16486|861|5.22
Illinois|Jasper|3287|445|13.54
Illinois|Jefferson|6970|1026|14.72
Illinois|Jersey|1636|67|4.1
Illinois|Jo Daviess|2013|28|1.39
Illinois|Johnson|725|0|0
Illinois|Kane|363318|11393|3.14
Illinois|Kankakee|69057|3488|5.05
Illinois|Kendall|48543|1311|2.7
Illinois|Knox|6201|0|0
Illinois|Lake|523432|19716|3.77
Illinois|LaSalle|9769|732|7.49
Illinois|Lawrence|315|0|0
Illinois|Lee|5095|57|1.12
Illinois|Livingston|2419|113|4.67
Illinois|Logan|735|0|0
Illinois|Macon|12819|1290|10.06
Illinois|Macoupin|3148|105|3.34
Illinois|Madison|41812|3446|8.24
Illinois|Marion|3604|0|0
Illinois|Marshall|392|0|0
Illinois|Mason|1183|0|0
Illinois|Massac|491|0|0
Illinois|McDonough|4934|540|10.94
Illinois|McHenry|99994|4837|4.84
Illinois|McLean|14436|672|4.66
Illinois|Menard|1282|0|0
Illinois|Mercer|1079|0|0
Illinois|Monroe|7212|844|11.7
Illinois|Montgomery|2702|3|0.11
Illinois|Morgan|4130|124|3
Illinois|Moultrie|734|0|0
Illinois|Ogle|13720|210|1.53
Illinois|Peoria|17562|826|4.7
Illinois|Perry|2593|2|0.08
Illinois|Piatt|858|0|0
Illinois|Pike|107|0|0
Illinois|Pope|54|0|0
Illinois|Pulaski|3184|0|0
Illinois|Putnam|48|0|0
Illinois|Randolph|17113|280|1.64
Illinois|Richland|255|0|0
Illinois|Rock Island|46463|1543|3.32
Illinois|Saline|477|0|0
Illinois|Sangamon|22653|1860|8.21
Illinois|Schuyler|633|0|0
Illinois|Shelby|1014|63|6.21
Illinois|St. Clair|83490|6104|7.31
Illinois|Stark|168|0|0
Illinois|Stephenson|11581|170|1.47
Illinois|Tazewell|5540|375|6.77
Illinois|Union|8422|605|7.18
Illinois|Unknown|27096|4417|16.3
Illinois|Vermilion|2610|77|2.95
Illinois|Wabash|513|0|0
Illinois|Warren|7460|0|0
Illinois|Washington|1225|0|0
Illinois|Wayne|526|48|9.13
Illinois|White|160|0|0
Illinois|Whiteside|9699|778|8.02
Illinois|Will|360968|18468|5.12
Illinois|Williamson|4590|127|2.77
Illinois|Winnebago|129723|3872|2.98
Illinois|Woodford|1650|113|6.85
Indiana|Adams|1388|94|6.77
Indiana|Allen|105536|5567|5.27
Indiana|Bartholomew|33005|2488|7.54
Indiana|Benton|1820|0|0
Indiana|Blackford|1617|112|6.93
Indiana|Boone|23678|2595|10.96
Indiana|Brown|2295|85|3.7
Indiana|Carroll|5545|136|2.45
Indiana|Cass|101822|511|0.5
Indiana|Clark|34884|2880|8.26
Indiana|Clay|3023|134|4.43
Indiana|Clinton|12672|169|1.33
Indiana|Crawford|1879|80|4.26
Indiana|Daviess|6438|1192|18.52
Indiana|Dearborn|12128|1324|10.92
Indiana|Decatur|19042|2570|13.5
Indiana|DeKalb|4368|194|4.44
Indiana|Delaware|23503|2253|9.59
Indiana|Dubois|10851|184|1.7
Indiana|Elkhart|93105|1901|2.04
Indiana|Fayette|6887|452|6.56
Indiana|Floyd|22082|2558|11.58
Indiana|Fountain|1387|166|11.97
Indiana|Franklin|9599|742|7.73
Indiana|Fulton|3182|62|1.95
Indiana|Gibson|1222|80|6.55
Indiana|Grant|17969|1545|8.6
Indiana|Greene|11086|1634|14.74
Indiana|Hamilton|86801|6695|7.71
Indiana|Hancock|24319|1824|7.5
Indiana|Harrison|13520|1320|9.76
Indiana|Hendricks|82773|5872|7.09
Indiana|Henry|10503|560|5.33
Indiana|Howard|25755|2045|7.94
Indiana|Huntington|2327|160|6.88
Indiana|Jackson|24313|152|0.63
Indiana|Jasper|4738|106|2.24
Indiana|Jay|3120|0|0
Indiana|Jefferson|3280|48|1.46
Indiana|Jennings|9708|491|5.06
Indiana|Johnson|76427|7618|9.97
Indiana|Knox|2397|0|0
Indiana|Kosciusko|12255|185|1.51
Indiana|LaGrange|10501|193|1.84
Indiana|Lake|244044|13159|5.39
Indiana|LaPorte|27918|1310|4.69
Indiana|Lawrence|11749|1621|13.8
Indiana|Madison|43552|5166|11.86
Indiana|Marion|680537|41478|6.09
Indiana|Marshall|10926|121|1.11
Indiana|Martin|898|0|0
Indiana|Miami|9985|71|0.71
Indiana|Monroe|13342|1059|7.94
Indiana|Montgomery|13989|885|6.33
Indiana|Morgan|19643|1564|7.96
Indiana|Newton|5542|748|13.5
Indiana|Noble|15840|1472|9.29
Indiana|Ohio|777|0|0
Indiana|Orange|8552|1460|17.07
Indiana|Owen|2650|82|3.09
Indiana|Parke|1551|0|0
Indiana|Perry|3795|116|3.06
Indiana|Pike|324|0|0
Indiana|Porter|34797|1639|4.71
Indiana|Posey|1326|0|0
Indiana|Pulaski|2833|25|0.88
Indiana|Putnam|9443|496|5.25
Indiana|Randolph|4428|217|4.9
Indiana|Ripley|9010|474|5.26
Indiana|Rush|4289|175|4.08
Indiana|Scott|7731|282|3.65
Indiana|Shelby|33213|1983|5.97
Indiana|Spencer|1360|60|4.41
Indiana|St. Joseph|86746|3008|3.47
Indiana|Starke|2762|195|7.06
Indiana|Steuben|5531|137|2.48
Indiana|Sullivan|2268|42|1.85
Indiana|Switzerland|1624|0|0
Indiana|Tippecanoe|25646|317|1.24
Indiana|Tipton|1891|111|5.87
Indiana|Union|1533|0|0
Indiana|Unknown|8|0|0
Indiana|Vanderburgh|18828|224|1.19
Indiana|Vermillion|788|0|0
Indiana|Vigo|10833|632|5.83
Indiana|Wabash|5176|129|2.49
Indiana|Warren|1007|92|9.14
Indiana|Warrick|11162|1795|16.08
Indiana|Washington|4103|56|1.36
Indiana|Wayne|14021|365|2.6
Indiana|Wells|2401|10|0.42
Indiana|White|12923|411|3.18
Indiana|Whitley|3130|180|5.75
Iowa|Adair|538|0|0
Iowa|Adams|286|0|0
Iowa|Allamakee|8244|306|3.71
Iowa|Appanoose|829|219|26.42
Iowa|Audubon|764|50|6.54
Iowa|Benton|3184|85|2.67
Iowa|Black Hawk|112810|2609|2.31
Iowa|Boone|4448|16|0.36
Iowa|Bremer|4813|360|7.48
Iowa|Buchanan|2180|26|1.19
Iowa|Buena Vista|49570|208|0.42
Iowa|Butler|1290|54|4.19
Iowa|Calhoun|709|3|0.42
Iowa|Carroll|1664|27|1.62
Iowa|Cass|587|0|0
Iowa|Cedar|3699|55|1.49
Iowa|Cerro Gordo|2563|41|1.6
Iowa|Cherokee|2064|0|0
Iowa|Chickasaw|807|0|0
Iowa|Clarke|3466|38|1.1
Iowa|Clay|2590|0|0
Iowa|Clayton|2095|183|8.74
Iowa|Clinton|4968|66|1.33
Iowa|Crawford|28029|122|0.44
Iowa|Dallas|56495|1120|1.98
Iowa|Davis|1370|23|1.68
Iowa|Decatur|181|0|0
Iowa|Delaware|1264|40|3.16
Iowa|Des Moines|3717|93|2.5
Iowa|Dickinson|4617|26|0.56
Iowa|Dubuque|21439|1019|4.75
Iowa|Emmet|1497|0|0
Iowa|Fayette|1852|0|0
Iowa|Floyd|1261|58|4.6
Iowa|Franklin|1695|0|0
Iowa|Fremont|214|0|0
Iowa|Greene|1064|0|0
Iowa|Grundy|1371|0|0
Iowa|Guthrie|3013|155|5.14
Iowa|Hamilton|4336|2|0.05
Iowa|Hancock|1256|0|0
Iowa|Hardin|1790|0|0
Iowa|Harrison|2119|0|0
Iowa|Henry|4463|130|2.91
Iowa|Howard|868|0|0
Iowa|Humboldt|1297|30|2.31
Iowa|Ida|712|0|0
Iowa|Iowa|2305|0|0
Iowa|Jackson|872|0|0
Iowa|Jasper|17158|838|4.88
Iowa|Jefferson|1817|0|0
Iowa|Johnson|48360|541|1.12
Iowa|Jones|2663|0|0
Iowa|Keokuk|858|15|1.75
Iowa|Kossuth|816|0|0
Iowa|Lee|1819|22|1.21
Iowa|Linn|68913|5055|7.34
Iowa|Louisa|24366|541|2.22
Iowa|Lucas|846|79|9.34
Iowa|Lyon|1608|0|0
Iowa|Madison|1572|113|7.19
Iowa|Mahaska|4715|539|11.43
Iowa|Marion|2073|0|0
Iowa|Marshall|56714|754|1.33
Iowa|Mills|1136|0|0
Iowa|Mitchell|444|0|0
Iowa|Monona|2095|0|0
Iowa|Monroe|1957|227|11.6
Iowa|Montgomery|450|54|12
Iowa|Muscatine|37624|2293|6.09
Iowa|O'Brien|2618|22|0.84
Iowa|Osceola|2206|0|0
Iowa|Page|937|0|0
Iowa|Palo Alto|551|0|0
Iowa|Plymouth|8969|115|1.28
Iowa|Pocahontas|1185|11|0.93
Iowa|Polk|255067|7587|2.97
Iowa|Pottawattamie|20203|448|2.22
Iowa|Poweshiek|5987|486|8.12
Iowa|Ringgold|301|0|0
Iowa|Sac|1429|0|0
Iowa|Scott|26713|627|2.35
Iowa|Shelby|2808|0|0
Iowa|Sioux|15273|0|0
Iowa|Story|12959|102|0.79
Iowa|Tama|27799|1510|5.43
Iowa|Taylor|2605|0|0
Iowa|Union|519|0|0
Iowa|Unknown|1155|10|0.87
Iowa|Van Buren|843|0|0
Iowa|Wapello|30664|788|2.57
Iowa|Warren|8585|40|0.47
Iowa|Washington|14407|623|4.32
Iowa|Wayne|164|0|0
Iowa|Webster|3738|50|1.34
Iowa|Winnebago|681|0|0
Iowa|Winneshiek|1605|0|0
Iowa|Woodbury|157513|1719|1.09
Iowa|Worth|269|0|0
Iowa|Wright|10373|0|0
Kansas|Allen|34|0|0
Kansas|Anderson|85|0|0
Kansas|Atchison|1368|0|0
Kansas|Barber|85|0|0
Kansas|Barton|2537|82|3.23
Kansas|Bourbon|694|85|12.25
Kansas|Brown|380|0|0
Kansas|Butler|2421|0|0
Kansas|Chase|219|0|0
Kansas|Chautauqua|333|0|0
Kansas|Cherokee|955|0|0
Kansas|Cheyenne|125|0|0
Kansas|Clark|1640|0|0
Kansas|Clay|396|79|19.95
Kansas|Cloud|413|0|0
Kansas|Coffey|4318|606|14.03
Kansas|Comanche|73|0|0
Kansas|Cowley|1388|83|5.98
Kansas|Crawford|3596|93|2.59
Kansas|Dickinson|286|0|0
Kansas|Doniphan|976|0|0
Kansas|Douglas|5979|0|0
Kansas|Edwards|315|0|0
Kansas|Elk|5|0|0
Kansas|Ellis|828|0|0
Kansas|Ellsworth|133|0|0
Kansas|Finney|82424|474|0.58
Kansas|Ford|101280|348|0.34
Kansas|Franklin|2795|0|0
Kansas|Geary|1628|29|1.78
Kansas|Gove|96|0|0
Kansas|Grant|1152|27|2.34
Kansas|Gray|1130|0|0
Kansas|Greenwood|460|0|0
Kansas|Hamilton|1194|0|0
Kansas|Harper|97|0|0
Kansas|Harvey|1097|89|8.11
Kansas|Haskell|1188|0|0
Kansas|Hodgeman|222|0|0
Kansas|Jackson|4356|35|0.8
Kansas|Jefferson|1383|0|0
Kansas|Jewell|326|0|0
Kansas|Johnson|65986|4604|6.98
Kansas|Kearny|2554|43|1.68
Kansas|Kiowa|161|0|0
Kansas|Labette|2112|0|0
Kansas|Lane|154|0|0
Kansas|Leavenworth|65414|461|0.7
Kansas|Lincoln|2|0|0
Kansas|Linn|787|0|0
Kansas|Logan|7|0|0
Kansas|Lyon|26997|273|1.01
Kansas|Marion|553|65|11.75
Kansas|Marshall|7|0|0
Kansas|McPherson|2549|0|0
Kansas|Meade|1562|0|0
Kansas|Miami|716|0|0
Kansas|Mitchell|307|0|0
Kansas|Montgomery|1679|188|11.2
Kansas|Morris|349|0|0
Kansas|Morton|346|6|1.73
Kansas|Nemaha|787|0|0
Kansas|Neosho|453|0|0
Kansas|Ness|130|0|0
Kansas|Norton|143|0|0
Kansas|Osage|610|0|0
Kansas|Osborne|177|0|0
Kansas|Ottawa|341|0|0
Kansas|Pawnee|81|0|0
Kansas|Phillips|137|0|0
Kansas|Pottawatomie|2102|0|0
Kansas|Pratt|195|0|0
Kansas|Reno|3779|0|0
Kansas|Republic|359|0|0
Kansas|Rice|253|0|0
Kansas|Riley|5834|92|1.58
Kansas|Rooks|509|0|0
Kansas|Rush|2|0|0
Kansas|Saline|2672|166|6.21
Kansas|Scott|730|0|0
Kansas|Sedgwick|47396|1420|3
Kansas|Seward|54359|82|0.15
Kansas|Shawnee|22375|551|2.46
Kansas|Sheridan|159|0|0
Kansas|Sherman|410|0|0
Kansas|Smith|168|0|0
Kansas|Stafford|94|0|0
Kansas|Stanton|576|0|0
Kansas|Stevens|1682|0|0
Kansas|Sumner|521|83|15.93
Kansas|Thomas|123|0|0
Kansas|Trego|40|0|0
Kansas|Wabaunsee|1945|0|0
Kansas|Washington|21|0|0
Kansas|Wilson|75|0|0
Kansas|Woodson|511|0|0
Kansas|Wyandotte|101778|5343|5.25
Kentucky|Adair|7149|1144|16
Kentucky|Allen|5369|174|3.24
Kentucky|Anderson|1297|102|7.86
Kentucky|Ballard|810|0|0
Kentucky|Barren|3206|62|1.93
Kentucky|Bath|584|62|10.62
Kentucky|Bell|138|0|0
Kentucky|Boone|27956|945|3.38
Kentucky|Bourbon|1175|107|9.11
Kentucky|Boyd|3284|245|7.46
Kentucky|Boyle|1919|0|0
Kentucky|Bracken|903|0|0
Kentucky|Breathitt|318|0|0
Kentucky|Breckinridge|1225|85|6.94
Kentucky|Bullitt|7731|286|3.7
Kentucky|Butler|15063|654|4.34
Kentucky|Caldwell|1004|0|0
Kentucky|Calloway|3779|85|2.25
Kentucky|Campbell|11999|809|6.74
Kentucky|Carlisle|270|61|22.59
Kentucky|Carroll|887|0|0
Kentucky|Carter|881|0|0
Kentucky|Casey|388|0|0
Kentucky|Christian|10015|252|2.52
Kentucky|Clark|3614|37|1.02
Kentucky|Clay|834|68|8.15
Kentucky|Clinton|293|0|0
Kentucky|Crittenden|434|72|16.59
Kentucky|Cumberland|393|0|0
Kentucky|Daviess|23048|479|2.08
Kentucky|Edmonson|3864|515|13.33
Kentucky|Elliott|65|0|0
Kentucky|Estill|98|0|0
Kentucky|Fayette|55679|1133|2.03
Kentucky|Fleming|348|0|0
Kentucky|Floyd|1279|0|0
Kentucky|Franklin|3999|68|1.7
Kentucky|Fulton|500|0|0
Kentucky|Gallatin|1827|198|10.84
Kentucky|Garrard|493|0|0
Kentucky|Grant|2984|266|8.91
Kentucky|Graves|11367|1255|11.04
Kentucky|Grayson|7858|537|6.83
Kentucky|Green|152|14|9.21
Kentucky|Greenup|1138|0|0
Kentucky|Hancock|694|0|0
Kentucky|Hardin|6973|176|2.52
Kentucky|Harlan|398|20|5.03
Kentucky|Harrison|2779|0|0
Kentucky|Hart|1694|0|0
Kentucky|Henderson|8041|220|2.74
Kentucky|Henry|1293|38|2.94
Kentucky|Hickman|307|0|0
Kentucky|Hopkins|16957|2172|12.81
Kentucky|Jackson|5025|823|16.38
Kentucky|Jefferson|182072|11287|6.2
Kentucky|Jessamine|4993|0|0
Kentucky|Johnson|389|0|0
Kentucky|Kenton|38989|2310|5.92
Kentucky|Knott|317|0|0
Kentucky|Knox|870|0|0
Kentucky|Larue|719|22|3.06
Kentucky|Laurel|2245|165|7.35
Kentucky|Lawrence|234|0|0
Kentucky|Lee|34|0|0
Kentucky|Leslie|414|0|0
Kentucky|Letcher|402|0|0
Kentucky|Lewis|672|0|0
Kentucky|Lincoln|768|77|10.03
Kentucky|Livingston|514|0|0
Kentucky|Logan|8485|348|4.1
Kentucky|Lyon|1276|241|18.89
Kentucky|Madison|4455|87|1.95
Kentucky|Magoffin|135|0|0
Kentucky|Marion|2081|0|0
Kentucky|Marshall|2886|109|3.78
Kentucky|Martin|276|0|0
Kentucky|Mason|937|0|0
Kentucky|McCracken|7042|189|2.68
Kentucky|McCreary|1031|0|0
Kentucky|McLean|1508|5|0.33
Kentucky|Meade|1399|136|9.72
Kentucky|Menifee|599|0|0
Kentucky|Mercer|1118|0|0
Kentucky|Metcalfe|330|59|17.88
Kentucky|Monroe|1232|5|0.41
Kentucky|Montgomery|1948|0|0
Kentucky|Morgan|217|0|0
Kentucky|Muhlenberg|30303|483|1.59
Kentucky|Nelson|2955|32|1.08
Kentucky|Nicholas|203|0|0
Kentucky|Ohio|9760|0|0
Kentucky|Oldham|5611|210|3.74
Kentucky|Owen|173|0|0
Kentucky|Owsley|164|0|0
Kentucky|Pendleton|732|0|0
Kentucky|Perry|1681|13|0.77
Kentucky|Pike|2373|154|6.49
Kentucky|Powell|177|0|0
Kentucky|Pulaski|4684|171|3.65
Kentucky|Rockcastle|1090|0|0
Kentucky|Rowan|615|0|0
Kentucky|Russell|2010|270|13.43
Kentucky|Scott|3516|0|0
Kentucky|Shelby|11921|345|2.89
Kentucky|Simpson|3569|212|5.94
Kentucky|Spencer|1567|0|0
Kentucky|Taylor|1146|32|2.79
Kentucky|Todd|1368|0|0
Kentucky|Trigg|897|0|0
Kentucky|Trimble|328|0|0
Kentucky|Union|1094|0|0
Kentucky|Unknown|951|35|3.68
Kentucky|Warren|63673|386|0.61
Kentucky|Washington|708|0|0
Kentucky|Wayne|737|0|0
Kentucky|Webster|2411|0|0
Kentucky|Whitley|1095|0|0
Kentucky|Wolfe|53|0|0
Kentucky|Woodford|2648|0|0
Louisiana|Acadia|28722|1520|5.29
Louisiana|Allen|12810|814|6.35
Louisiana|Ascension|65971|4007|6.07
Louisiana|Assumption|19489|779|4
Louisiana|Avoyelles|10834|657|6.06
Louisiana|Beauregard|6570|343|5.22
Louisiana|Bienville|9888|1525|15.42
Louisiana|Bossier|34576|1775|5.13
Louisiana|Caddo|181459|12784|7.05
Louisiana|Calcasieu|49489|3233|6.53
Louisiana|Caldwell|4396|27|0.61
Louisiana|Cameron|741|0|0
Louisiana|Catahoula|7674|222|2.89
Louisiana|Claiborne|5736|709|12.36
Louisiana|Concordia|5466|346|6.33
Louisiana|De Soto|19661|1204|6.12
Louisiana|East Baton Rouge|256359|16002|6.24
Louisiana|East Carroll|9826|6|0.06
Louisiana|East Feliciana|14523|1825|12.57
Louisiana|Evangeline|7041|62|0.88
Louisiana|Franklin|21847|651|2.98
Louisiana|Grant|2794|50|1.79
Louisiana|Iberia|30080|2449|8.14
Louisiana|Iberville|43041|2936|6.82
Louisiana|Jackson|7593|705|9.28
Louisiana|Jefferson|620855|33883|5.46
Louisiana|Jefferson Davis|8678|515|5.93
Louisiana|Lafayette|67474|2086|3.09
Louisiana|Lafourche|66573|4919|7.39
Louisiana|LaSalle|3847|3|0.08
Louisiana|Lincoln|12149|961|7.91
Louisiana|Livingston|32226|1893|5.87
Louisiana|Madison|8884|58|0.65
Louisiana|Morehouse|8794|398|4.53
Louisiana|Natchitoches|10936|742|6.78
Louisiana|Orleans|609530|39706|6.51
Louisiana|Ouachita|95903|3053|3.18
Louisiana|Plaquemines|17223|1364|7.92
Louisiana|Pointe Coupee|13073|1543|11.8
Louisiana|Rapides|55736|2037|3.65
Louisiana|Red River|3260|484|14.85
Louisiana|Richland|8813|147|1.67
Louisiana|Sabine|3007|33|1.1
Louisiana|St. Bernard|44387|1662|3.74
Louisiana|St. Charles|52118|3470|6.66
Louisiana|St. Helena|3781|76|2.01
Louisiana|St. James|24470|1909|7.8
Louisiana|St. John the Baptist|69856|6269|8.97
Louisiana|St. Landry|22922|3755|16.38
Louisiana|St. Martin|26308|1727|6.56
Louisiana|St. Mary|23145|2118|9.15
Louisiana|St. Tammany|134733|11090|8.23
Louisiana|Tangipahoa|65154|2514|3.86
Louisiana|Tensas|861|0|0
Louisiana|Terrebonne|50572|3550|7.02
Louisiana|Union|20375|1112|5.46
Louisiana|Unknown|15214|6638|43.63
Louisiana|Vermilion|5666|246|4.34
Louisiana|Vernon|2945|220|7.47
Louisiana|Washington|32403|2531|7.81
Louisiana|Webster|13772|512|3.72
Louisiana|West Baton Rouge|12850|2076|16.16
Louisiana|West Carroll|3696|69|1.87
Louisiana|West Feliciana|14362|669|4.66
Louisiana|Winn|9399|220|2.34
Maine|Androscoggin|18035|186|1.03
Maine|Aroostook|705|40|5.67
Maine|Cumberland|80385|3274|4.07
Maine|Franklin|2513|67|2.67
Maine|Hancock|887|54|6.09
Maine|Kennebec|9817|610|6.21
Maine|Knox|1621|28|1.73
Maine|Lincoln|1537|0|0
Maine|Oxford|2070|0|0
Maine|Penobscot|7176|77|1.07
Maine|Piscataquis|88|0|0
Maine|Sagadahoc|2193|4|0.18
Maine|Somerset|1669|0|0
Maine|Unknown|305|1|0.33
Maine|Waldo|4064|994|24.46
Maine|Washington|150|0|0
Maine|York|27468|711|2.59
Maryland|Allegany|11713|956|8.16
Maryland|Anne Arundel|252554|11111|4.4
Maryland|Baltimore|404348|21448|5.3
Maryland|Baltimore city|354951|16258|4.58
Maryland|Calvert|21823|1180|5.41
Maryland|Caroline|15056|60|0.4
Maryland|Carroll|59475|6086|10.23
Maryland|Cecil|24973|1420|5.69
Maryland|Charles|73882|4861|6.58
Maryland|Dorchester|8944|219|2.45
Maryland|Frederick|126921|6724|5.3
Maryland|Garrett|652|2|0.31
Maryland|Harford|57026|2906|5.1
Maryland|Howard|126664|3783|2.99
Maryland|Kent|10574|1069|10.11
Maryland|Montgomery|724094|37433|5.17
Maryland|Prince George's|969020|34513|3.56
Maryland|Queen Anne's|10004|760|7.6
Maryland|Somerset|4426|113|2.55
Maryland|St. Mary's|29531|1624|5.5
Maryland|Talbot|5997|175|2.92
Maryland|Unknown|393|5067|1289.31
Maryland|Washington|30951|969|3.13
Maryland|Wicomico|57080|1713|3
Maryland|Worcester|12935|682|5.27
Massachusetts|Barnstable|97803|7180|7.34
Massachusetts|Berkshire|44416|3161|7.12
Massachusetts|Bristol|461384|26957|5.84
Massachusetts|Dukes|2408|56|2.33
Massachusetts|Essex|974404|59328|6.09
Massachusetts|Franklin|24992|3595|14.38
Massachusetts|Hampden|414041|39571|9.56
Massachusetts|Hampshire|58873|5384|9.15
Massachusetts|Middlesex|1501194|103476|6.89
Massachusetts|Nantucket|1083|3|0.28
Massachusetts|Norfolk|593163|54381|9.17
Massachusetts|Plymouth|544576|35617|6.54
Massachusetts|Suffolk|1289678|58065|4.5
Massachusetts|Unknown|37883|602|1.59
Massachusetts|Worcester|713698|45718|6.41
Michigan|Alcona|901|62|6.88
Michigan|Alger|39|0|0
Michigan|Allegan|14933|301|2.02
Michigan|Alpena|6775|613|9.05
Michigan|Antrim|1007|1|0.1
Michigan|Arenac|2320|83|3.58
Michigan|Baraga|93|0|0
Michigan|Barry|4826|119|2.47
Michigan|Bay|20527|1317|6.42
Michigan|Benzie|342|0|0
Michigan|Berrien|45595|2910|6.38
Michigan|Branch|64184|1583|2.47
Michigan|Calhoun|27213|1551|5.7
Michigan|Cass|5707|219|3.84
Michigan|Charlevoix|1513|98|6.48
Michigan|Cheboygan|1761|101|5.74
Michigan|Chippewa|286|8|2.8
Michigan|Clare|1372|146|10.64
Michigan|Clinton|12550|792|6.31
Michigan|Crawford|4390|335|7.63
Michigan|Delta|1370|159|11.61
Michigan|Dickinson|414|170|41.06
Michigan|Eaton|15384|515|3.35
Michigan|Emmet|2026|180|8.88
Michigan|Genesee|164809|18257|11.08
Michigan|Gladwin|1403|72|5.13
Michigan|Gogebic|424|97|22.88
Michigan|Grand Traverse|2447|416|17
Michigan|Gratiot|4625|508|10.98
Michigan|Hillsdale|12742|1700|13.34
Michigan|Houghton|391|0|0
Michigan|Huron|3176|79|2.49
Michigan|Ingham|53760|1626|3.02
Michigan|Ionia|10061|252|2.5
Michigan|Iosco|5836|601|10.3
Michigan|Iron|90|4|4.44
Michigan|Isabella|6309|586|9.29
Michigan|Jackson|115980|3324|2.87
Michigan|Kalamazoo|54558|3311|6.07
Michigan|Kalkaska|1927|180|9.34
Michigan|Kent|233665|5713|2.44
Michigan|Keweenaw|21|0|0
Michigan|Lake|351|0|0
Michigan|Lapeer|30139|2502|8.3
Michigan|Leelanau|879|0|0
Michigan|Lenawee|45168|446|0.99
Michigan|Livingston|36830|1876|5.09
Michigan|Luce|247|0|0
Michigan|Mackinac|551|0|0
Michigan|Macomb|531199|58963|11.1
Michigan|Manistee|1540|16|1.04
Michigan|Marquette|4231|757|17.89
Michigan|Mason|2039|0|0
Michigan|Mecosta|1651|155|9.39
Michigan|Menominee|560|0|0
Michigan|Midland|7720|557|7.22
Michigan|Missaukee|1387|96|6.92
Michigan|Monroe|35791|1360|3.8
Michigan|Montcalm|4895|85|1.74
Michigan|Montmorency|376|0|0
Michigan|Muskegon|40457|2293|5.67
Michigan|Newaygo|6031|0|0
Michigan|Oakland|743892|71360|9.59
Michigan|Oceana|6259|157|2.51
Michigan|Ogemaw|1659|56|3.38
Michigan|Osceola|1099|0|0
Michigan|Oscoda|556|54|9.71
Michigan|Otsego|8627|707|8.2
Michigan|Ottawa|47766|2278|4.77
Michigan|Presque Isle|812|0|0
Michigan|Roscommon|1633|0|0
Michigan|Saginaw|72953|7029|9.63
Michigan|Sanilac|3272|408|12.47
Michigan|Schoolcraft|299|0|0
Michigan|Shiawassee|17074|1488|8.72
Michigan|St. Clair|34348|2591|7.54
Michigan|St. Joseph|9032|151|1.67
Michigan|Tuscola|13031|1601|12.29
Michigan|Unknown|15804|316|2
Michigan|Van Buren|9941|393|3.95
Michigan|Washtenaw|133215|7159|5.37
Michigan|Wayne|1615572|175895|10.89
Michigan|Wexford|1165|181|15.54
Minnesota|Aitkin|501|0|0
Minnesota|Anoka|80466|4040|5.02
Minnesota|Becker|2325|0|0
Minnesota|Beltrami|1127|0|0
Minnesota|Benton|9528|149|1.56
Minnesota|Big Stone|500|0|0
Minnesota|Blue Earth|9591|49|0.51
Minnesota|Brown|1126|130|11.55
Minnesota|Carlton|5308|0|0
Minnesota|Carver|12347|88|0.71
Minnesota|Cass|751|104|13.85
Minnesota|Chippewa|2610|36|1.38
Minnesota|Chisago|3576|89|2.49
Minnesota|Clay|26034|1704|6.55
Minnesota|Clearwater|288|0|0
Minnesota|Cook|18|0|0
Minnesota|Cottonwood|5055|0|0
Minnesota|Crow Wing|4205|295|7.02
Minnesota|Dakota|77805|3158|4.06
Minnesota|Dodge|3418|0|0
Minnesota|Douglas|2220|0|0
Minnesota|Faribault|1362|0|0
Minnesota|Fillmore|1458|57|3.91
Minnesota|Freeborn|9246|0|0
Minnesota|Goodhue|4442|231|5.2
Minnesota|Grant|228|0|0
Minnesota|Hennepin|486353|37432|7.7
Minnesota|Houston|352|0|0
Minnesota|Hubbard|149|0|0
Minnesota|Isanti|2126|0|0
Minnesota|Itasca|3010|464|15.42
Minnesota|Jackson|2541|0|0
Minnesota|Kanabec|630|43|6.83
Minnesota|Kandiyohi|27828|64|0.23
Minnesota|Kittson|79|0|0
Minnesota|Koochiching|419|3|0.72
Minnesota|Lac qui Parle|214|0|0
Minnesota|Lake|111|0|0
Minnesota|Le Sueur|3489|50|1.43
Minnesota|Lincoln|374|0|0
Minnesota|Lyon|7038|55|0.78
Minnesota|Mahnomen|344|56|16.28
Minnesota|Marshall|615|0|0
Minnesota|Martin|9369|412|4.4
Minnesota|McLeod|2328|0|0
Minnesota|Meeker|2558|25|0.98
Minnesota|Mille Lacs|1160|74|6.38
Minnesota|Morrison|2365|20|0.85
Minnesota|Mower|23901|73|0.31
Minnesota|Murray|2333|0|0
Minnesota|Nicollet|4583|484|10.56
Minnesota|Nobles|92460|247|0.27
Minnesota|Norman|915|0|0
Minnesota|Olmsted|43500|768|1.77
Minnesota|Otter Tail|3783|26|0.69
Minnesota|Pennington|1448|0|0
Minnesota|Pine|5717|0|0
Minnesota|Pipestone|729|3|0.41
Minnesota|Polk|3918|101|2.58
Minnesota|Pope|452|0|0
Minnesota|Ramsey|172136|8001|4.65
Minnesota|Red Lake|202|0|0
Minnesota|Redwood|436|0|0
Minnesota|Renville|634|13|2.05
Minnesota|Rice|27140|171|0.63
Minnesota|Rock|1449|0|0
Minnesota|Roseau|215|0|0
Minnesota|Scott|24078|172|0.71
Minnesota|Sherburne|12980|124|0.96
Minnesota|Sibley|1084|41|3.78
Minnesota|St. Louis|8359|977|11.69
Minnesota|Stearns|111603|770|0.69
Minnesota|Steele|8725|0|0
Minnesota|Stevens|56|0|0
Minnesota|Swift|928|26|2.8
Minnesota|Todd|14570|52|0.36
Minnesota|Traverse|292|0|0
Minnesota|Unknown|4749|1008|21.23
Minnesota|Wabasha|1399|0|0
Minnesota|Wadena|499|0|0
Minnesota|Waseca|1794|0|0
Minnesota|Washington|38292|1837|4.8
Minnesota|Watonwan|4945|0|0
Minnesota|Wilkin|1034|229|22.15
Minnesota|Winona|6318|1138|18.01
Minnesota|Wright|17172|126|0.73
Minnesota|Yellow Medicine|626|0|0
Mississippi|Adams|14084|1036|7.36
Mississippi|Alcorn|1559|63|4.04
Mississippi|Amite|3955|88|2.23
Mississippi|Attala|17946|893|4.98
Mississippi|Benton|1188|0|0
Mississippi|Bolivar|12163|785|6.45
Mississippi|Calhoun|5219|282|5.4
Mississippi|Carroll|7382|539|7.3
Mississippi|Chickasaw|9835|896|9.11
Mississippi|Choctaw|2956|157|5.31
Mississippi|Claiborne|6354|250|3.93
Mississippi|Clarke|8974|1025|11.42
Mississippi|Clay|8364|285|3.41
Mississippi|Coahoma|8626|289|3.35
Mississippi|Copiah|20282|311|1.53
Mississippi|Covington|10579|117|1.11
Mississippi|DeSoto|42938|617|1.44
Mississippi|Forrest|36333|2142|5.9
Mississippi|Franklin|1946|107|5.5
Mississippi|George|2085|109|5.23
Mississippi|Greene|1934|140|7.24
Mississippi|Grenada|7728|184|2.38
Mississippi|Hancock|6897|791|11.47
Mississippi|Harrison|22774|541|2.38
Mississippi|Hinds|74578|1562|2.09
Mississippi|Holmes|24688|1726|6.99
Mississippi|Humphreys|4165|462|11.09
Mississippi|Issaquena|31|4|12.9
Mississippi|Itawamba|5999|452|7.53
Mississippi|Jackson|25505|974|3.82
Mississippi|Jasper|9820|233|2.37
Mississippi|Jefferson|2945|61|2.07
Mississippi|Jefferson Davis|4831|161|3.33
Mississippi|Jones|38390|1534|4
Mississippi|Kemper|8825|606|6.87
Mississippi|Lafayette|11289|280|2.48
Mississippi|Lamar|16193|332|2.05
Mississippi|Lauderdale|47301|3948|8.35
Mississippi|Lawrence|6529|40|0.61
Mississippi|Leake|27161|654|2.41
Mississippi|Lee|13935|592|4.25
Mississippi|Leflore|19713|2244|11.38
Mississippi|Lincoln|18873|1625|8.61
Mississippi|Lowndes|14576|467|3.2
Mississippi|Madison|47507|1491|3.14
Mississippi|Marion|8700|566|6.51
Mississippi|Marshall|6629|217|3.27
Mississippi|Monroe|17635|1595|9.04
Mississippi|Montgomery|5458|99|1.81
Mississippi|Neshoba|39897|2289|5.74
Mississippi|Newton|15734|256|1.63
Mississippi|Noxubee|11096|292|2.63
Mississippi|Oktibbeha|15629|795|5.09
Mississippi|Panola|6813|237|3.48
Mississippi|Pearl River|15985|1978|12.37
Mississippi|Perry|3385|185|5.47
Mississippi|Pike|15597|710|4.55
Mississippi|Pontotoc|4296|207|4.82
Mississippi|Prentiss|3809|169|4.44
Mississippi|Quitman|2358|0|0
Mississippi|Rankin|29880|580|1.94
Mississippi|Scott|40108|600|1.5
Mississippi|Sharkey|630|0|0
Mississippi|Simpson|6947|35|0.5
Mississippi|Smith|9926|615|6.2
Mississippi|Stone|2295|14|0.61
Mississippi|Sunflower|7565|268|3.54
Mississippi|Tallahatchie|2320|80|3.45
Mississippi|Tate|7147|80|1.12
Mississippi|Tippah|6402|840|13.12
Mississippi|Tishomingo|2022|14|0.69
Mississippi|Tunica|4192|197|4.7
Mississippi|Union|5473|364|6.65
Mississippi|Unknown|1533|20|1.3
Mississippi|Walthall|5278|35|0.66
Mississippi|Warren|12908|552|4.28
Mississippi|Washington|13761|442|3.21
Mississippi|Wayne|13715|199|1.45
Mississippi|Webster|4543|295|6.49
Mississippi|Wilkinson|6549|676|10.32
Mississippi|Winston|8106|77|0.95
Mississippi|Yalobusha|6110|260|4.26
Mississippi|Yazoo|18840|267|1.42
Missouri|Adair|3530|0|0
Missouri|Andrew|1636|0|0
Missouri|Atchison|216|0|0
Missouri|Audrain|4364|34|0.78
Missouri|Barry|947|0|0
Missouri|Barton|268|0|0
Missouri|Bates|720|79|10.97
Missouri|Benton|811|0|0
Missouri|Bollinger|522|0|0
Missouri|Boone|13524|124|0.92
Missouri|Buchanan|39999|157|0.39
Missouri|Butler|2956|0|0
Missouri|Caldwell|402|0|0
Missouri|Callaway|2543|86|3.38
Missouri|Camden|3383|95|2.81
Missouri|Cape Girardeau|5994|157|2.62
Missouri|Carroll|481|0|0
Missouri|Carter|380|88|23.16
Missouri|Cass|7055|593|8.41
Missouri|Cedar|683|0|0
Missouri|Chariton|488|0|0
Missouri|Christian|2162|0|0
Missouri|Clark|98|0|0
Missouri|Clay|14493|276|1.9
Missouri|Clinton|1412|0|0
Missouri|Cole|4906|97|1.98
Missouri|Cooper|739|0|0
Missouri|Crawford|669|0|0
Missouri|Dade|16|0|0
Missouri|Dallas|341|7|2.05
Missouri|Daviess|325|0|0
Missouri|DeKalb|462|0|0
Missouri|Dent|67|0|0
Missouri|Douglas|85|0|0
Missouri|Dunklin|3249|173|5.32
Missouri|Franklin|11671|1084|9.29
Missouri|Gasconade|245|0|0
Missouri|Gentry|1832|201|10.97
Missouri|Greene|12991|747|5.75
Missouri|Grundy|358|0|0
Missouri|Harrison|674|0|0
Missouri|Henry|903|174|19.27
Missouri|Holt|82|0|0
Missouri|Howard|230|0|0
Missouri|Howell|984|0|0
Missouri|Iron|160|0|0
Missouri|Jackson|47699|1557|3.26
Missouri|Jasper|6700|6|0.09
Missouri|Jefferson|28139|1083|3.85
Missouri|Johnson|6049|0|0
Missouri|Joplin|734|11|1.5
Missouri|Kansas City|92111|1796|1.95
Missouri|Knox|42|0|0
Missouri|Laclede|466|0|0
Missouri|Lafayette|5383|134|2.49
Missouri|Lawrence|568|3|0.53
Missouri|Lewis|466|70|15.02
Missouri|Lincoln|5795|84|1.45
Missouri|Linn|642|79|12.31
Missouri|Livingston|333|0|0
Missouri|Macon|334|0|0
Missouri|Madison|205|0|0
Missouri|Maries|201|0|0
Missouri|Marion|473|0|0
Missouri|McDonald|7209|7|0.1
Missouri|Mercer|136|0|0
Missouri|Miller|344|0|0
Missouri|Mississippi|3763|0|0
Missouri|Moniteau|3353|46|1.37
Missouri|Monroe|118|0|0
Missouri|Montgomery|803|0|0
Missouri|Morgan|600|0|0
Missouri|New Madrid|1566|47|3
Missouri|Newton|5294|84|1.59
Missouri|Nodaway|754|0|0
Missouri|Oregon|216|0|0
Missouri|Osage|441|0|0
Missouri|Ozark|12|0|0
Missouri|Pemiscot|5320|275|5.17
Missouri|Perry|5264|0|0
Missouri|Pettis|5127|50|0.98
Missouri|Phelps|403|0|0
Missouri|Pike|1527|50|3.27
Missouri|Platte|5274|122|2.31
Missouri|Polk|319|0|0
Missouri|Pulaski|4436|91|2.05
Missouri|Putnam|40|0|0
Missouri|Ralls|280|0|0
Missouri|Randolph|813|0|0
Missouri|Ray|1370|0|0
Missouri|Reynolds|187|0|0
Missouri|Ripley|674|0|0
Missouri|Saline|17340|108|0.62
Missouri|Schuyler|88|0|0
Missouri|Scotland|460|21|4.57
Missouri|Scott|7966|502|6.3
Missouri|Shannon|179|0|0
Missouri|Shelby|117|0|0
Missouri|St. Charles|60395|4130|6.84
Missouri|St. Clair|167|0|0
Missouri|St. Francois|3523|132|3.75
Missouri|St. Louis|354994|27079|7.63
Missouri|St. Louis city|137800|8219|5.96
Missouri|Ste. Genevieve|889|86|9.67
Missouri|Stoddard|5391|243|4.51
Missouri|Stone|463|0|0
Missouri|Sullivan|3298|0|0
Missouri|Taney|1417|144|10.16
Missouri|Texas|59|0|0
Missouri|Unknown|425|0|0
Missouri|Vernon|627|0|0
Missouri|Warren|2183|0|0
Missouri|Washington|842|67|7.96
Missouri|Wayne|31|0|0
Missouri|Webster|1339|8|0.6
Missouri|Worth|215|0|0
Missouri|Wright|978|0|0
Montana|Beaverhead|88|0|0
Montana|Big Horn|1820|57|3.13
Montana|Broadwater|396|0|0
Montana|Carbon|628|0|0
Montana|Cascade|1565|146|9.33
Montana|Custer|357|0|0
Montana|Dawson|57|0|0
Montana|Deer Lodge|282|0|0
Montana|Fergus|26|0|0
Montana|Flathead|3497|149|4.26
Montana|Gallatin|14812|64|0.43
Montana|Glacier|503|0|0
Montana|Golden Valley|231|0|0
Montana|Granite|12|0|0
Montana|Hill|98|0|0
Montana|Jefferson|249|0|0
Montana|Lake|581|0|0
Montana|Lewis and Clark|1658|0|0
Montana|Liberty|92|0|0
Montana|Lincoln|655|96|14.66
Montana|Madison|754|93|12.33
Montana|Meagher|98|0|0
Montana|Missoula|3677|88|2.39
Montana|Musselshell|94|0|0
Montana|Park|714|0|0
Montana|Pondera|150|0|0
Montana|Ravalli|893|0|0
Montana|Richland|322|0|0
Montana|Roosevelt|570|0|0
Montana|Rosebud|113|5|4.42
Montana|Silver Bow|1084|0|0
Montana|Stillwater|133|0|0
Montana|Toole|2512|493|19.63
Montana|Treasure|14|0|0
Montana|Valley|16|0|0
Montana|Wheatland|68|0|0
Montana|Yellowstone|8276|182|2.2
Nebraska|Adams|18039|590|3.27
Nebraska|Antelope|476|7|1.47
Nebraska|Banner|22|0|0
Nebraska|Boone|289|0|0
Nebraska|Box Butte|143|0|0
Nebraska|Boyd|30|0|0
Nebraska|Buffalo|10865|92|0.85
Nebraska|Burt|541|0|0
Nebraska|Butler|2425|0|0
Nebraska|Cass|2581|4|0.15
Nebraska|Cedar|480|0|0
Nebraska|Chase|38|0|0
Nebraska|Cherry|88|0|0
Nebraska|Cheyenne|729|0|0
Nebraska|Clay|1400|0|0
Nebraska|Colfax|33977|171|0.5
Nebraska|Cuming|1686|0|0
Nebraska|Custer|2630|282|10.72
Nebraska|Dakota|100195|1315|1.31
Nebraska|Dawes|68|0|0
Nebraska|Dawson|52282|400|0.77
Nebraska|Dixon|1873|31|1.66
Nebraska|Dodge|26829|142|0.53
Nebraska|Douglas|258678|2985|1.15
Nebraska|Fillmore|446|30|6.73
Nebraska|Franklin|411|0|0
Nebraska|Frontier|63|0|0
Nebraska|Furnas|476|21|4.41
Nebraska|Gage|3380|271|8.02
Nebraska|Garden|117|0|0
Nebraska|Garfield|27|0|0
Nebraska|Gosper|896|0|0
Nebraska|Greeley|163|0|0
Nebraska|Hall|102073|2749|2.69
Nebraska|Hamilton|4147|756|18.23
Nebraska|Harlan|15|0|0
Nebraska|Hitchcock|62|0|0
Nebraska|Holt|76|0|0
Nebraska|Howard|2389|151|6.32
Nebraska|Jefferson|432|0|0
Nebraska|Johnson|409|0|0
Nebraska|Kearney|743|0|0
Nebraska|Keith|120|0|0
Nebraska|Keya Paha|1|0|0
Nebraska|Kimball|872|0|0
Nebraska|Knox|683|0|0
Nebraska|Lancaster|71711|489|0.68
Nebraska|Lincoln|3427|157|4.58
Nebraska|Loup|1|0|0
Nebraska|Madison|19354|277|1.43
Nebraska|Merrick|2065|0|0
Nebraska|Morrill|730|0|0
Nebraska|Nance|262|0|0
Nebraska|Nemaha|238|0|0
Nebraska|Nuckolls|46|0|0
Nebraska|Otoe|553|0|0
Nebraska|Phelps|1095|0|0
Nebraska|Pierce|271|0|0
Nebraska|Platte|32260|74|0.23
Nebraska|Polk|736|0|0
Nebraska|Red Willow|332|0|0
Nebraska|Richardson|98|21|21.43
Nebraska|Rock|7|0|0
Nebraska|Saline|28411|81|0.29
Nebraska|Sarpy|39675|244|0.61
Nebraska|Saunders|2554|69|2.7
Nebraska|Scotts Bluff|7333|51|0.7
Nebraska|Seward|1657|71|4.28
Nebraska|Sheridan|14|0|0
Nebraska|Sherman|223|0|0
Nebraska|Sioux|55|0|0
Nebraska|Stanton|1103|0|0
Nebraska|Thayer|33|0|0
Nebraska|Thomas|56|0|0
Nebraska|Thurston|2632|19|0.72
Nebraska|Unknown|2706|17|0.63
Nebraska|Valley|272|0|0
Nebraska|Washington|2673|79|2.96
Nebraska|Wayne|951|0|0
Nebraska|Webster|369|0|0
Nebraska|York|2118|0|0
Nevada|Carson City|6529|231|3.54
Nevada|Churchill|536|72|13.43
Nevada|Clark|536119|23856|4.45
Nevada|Douglas|2573|0|0
Nevada|Elko|2627|88|3.35
Nevada|Eureka|5|0|0
Nevada|Humboldt|5206|253|4.86
Nevada|Lander|1348|0|0
Nevada|Lincoln|103|0|0
Nevada|Lyon|4572|55|1.2
Nevada|Mineral|266|0|0
Nevada|Nye|4533|98|2.16
Nevada|Pershing|144|0|0
Nevada|Storey|51|0|0
Nevada|Unknown|1804|225|12.47
Nevada|Washoe|116835|3960|3.39
Nevada|White Pine|247|0|0
New Hampshire|Belknap|4556|19|0.42
New Hampshire|Carroll|3658|0|0
New Hampshire|Cheshire|4068|168|4.13
New Hampshire|Coos|325|0|0
New Hampshire|Grafton|5916|61|1.03
New Hampshire|Hillsborough|157582|9228|5.86
New Hampshire|Merrimack|22631|915|4.04
New Hampshire|Rockingham|89028|4390|4.93
New Hampshire|Strafford|17748|800|4.51
New Hampshire|Sullivan|1460|91|6.23
New Hampshire|Unknown|835|12|1.44
New Jersey|Atlantic|139967|9176|6.56
New Jersey|Bergen|1439612|113855|7.91
New Jersey|Burlington|309235|19280|6.23
New Jersey|Camden|427777|22031|5.15
New Jersey|Cape May|40678|3267|8.03
New Jersey|Cumberland|138161|4897|3.54
New Jersey|Essex|1317272|118056|8.96
New Jersey|Gloucester|148367|8670|5.84
New Jersey|Hudson|1366496|81306|5.95
New Jersey|Hunterdon|68224|4202|6.16
New Jersey|Mercer|459678|30347|6.6
New Jersey|Middlesex|1149581|67570|5.88
New Jersey|Monmouth|615455|41276|6.71
New Jersey|Morris|493178|43192|8.76
New Jersey|Ocean|646862|49241|7.61
New Jersey|Passaic|1178623|62175|5.28
New Jersey|Salem|38500|2601|6.76
New Jersey|Somerset|335096|28429|8.48
New Jersey|Sussex|84779|10393|12.26
New Jersey|Union|1174775|72786|6.2
New Jersey|Unknown|114149|105|0.09
New Jersey|Warren|84498|8774|10.38
New Mexico|Bernalillo|104318|4709|4.51
New Mexico|Catron|147|67|45.58
New Mexico|Chaves|3453|125|3.62
New Mexico|Cibola|9619|437|4.54
New Mexico|Colfax|450|7|1.56
New Mexico|Curry|4216|0|0
New Mexico|Doa Ana|32241|251|0.78
New Mexico|Eddy|2189|98|4.48
New Mexico|Grant|1242|0|0
New Mexico|Guadalupe|1238|0|0
New Mexico|Harding|69|0|0
New Mexico|Hidalgo|588|0|0
New Mexico|Lea|2406|0|0
New Mexico|Lincoln|308|0|0
New Mexico|Los Alamos|519|0|0
New Mexico|Luna|1385|75|5.42
New Mexico|McKinley|154250|6575|4.26
New Mexico|Otero|23621|166|0.7
New Mexico|Quay|342|72|21.05
New Mexico|Rio Arriba|3336|34|1.02
New Mexico|Roosevelt|2277|16|0.7
New Mexico|San Juan|109838|7459|6.79
New Mexico|San Miguel|840|0|0
New Mexico|Sandoval|42039|1696|4.03
New Mexico|Santa Fe|11842|154|1.3
New Mexico|Sierra|179|0|0
New Mexico|Socorro|3841|267|6.95
New Mexico|Taos|2210|8|0.36
New Mexico|Torrance|2854|55|1.93
New Mexico|Union|270|0|0
New Mexico|Unknown|129|19|14.73
New Mexico|Valencia|5468|92|1.68
New York|Albany|128954|8944|6.94
New York|Allegany|3735|7|0.19
New York|Broome|37630|3017|8.02
New York|Cattaraugus|6137|179|2.92
New York|Cayuga|6078|86|1.41
New York|Chautauqua|5602|223|3.98
New York|Chemung|10385|346|3.33
New York|Chenango|9806|134|1.37
New York|Clinton|7027|308|4.38
New York|Columbia|26139|2432|9.3
New York|Cortland|2999|0|0
New York|Delaware|6165|6|0.1
New York|Dutchess|291865|9554|3.27
New York|Erie|413105|33297|8.06
New York|Essex|3268|0|0
New York|Franklin|1716|0|0
New York|Fulton|12532|779|6.22
New York|Genesee|14653|322|2.2
New York|Greene|15914|245|1.54
New York|Hamilton|420|0|0
New York|Herkimer|7953|106|1.33
New York|Jefferson|5960|0|0
New York|Lewis|1340|0|0
New York|Livingston|8090|265|3.28
New York|Madison|21382|284|1.33
New York|Monroe|198694|13922|7.01
New York|Montgomery|6336|265|4.18
New York|Nassau|3246447|193354|5.96
New York|New York City|16274975|1594985|9.8
New York|Niagara|65208|3109|4.77
New York|Oneida|69416|3521|5.07
New York|Onondaga|139293|7958|5.71
New York|Ontario|13406|993|7.41
New York|Orange|796926|25919|3.25
New York|Orleans|14016|1596|11.39
New York|Oswego|8369|14|0.17
New York|Otsego|5872|450|7.66
New York|Putnam|91831|4350|4.74
New York|Rensselaer|33332|2187|6.56
New York|Rockland|1056707|33725|3.19
New York|Saratoga|36405|303|0.83
New York|Schenectady|49347|2245|4.55
New York|Schoharie|3722|0|0
New York|Schuyler|806|0|0
New York|Seneca|4032|22|0.55
New York|St. Lawrence|15436|168|1.09
New York|Steuben|19088|1247|6.53
New York|Suffolk|3104053|133243|4.29
New York|Sullivan|93659|1846|1.97
New York|Tioga|8577|1017|11.86
New York|Tompkins|13211|160|1.21
New York|Ulster|122348|2615|2.14
New York|Warren|17197|1773|10.31
New York|Washington|15627|615|3.94
New York|Wayne|8523|56|0.66
New York|Westchester|2710955|108350|4
New York|Wyoming|6281|245|3.9
New York|Yates|2296|321|13.98
North Carolina|Alamance|30305|1235|4.08
North Carolina|Alexander|2320|1|0.04
North Carolina|Alleghany|1231|0|0
North Carolina|Anson|4544|34|0.75
North Carolina|Ashe|2070|21|1.01
North Carolina|Avery|206|0|0
North Carolina|Beaufort|2858|0|0
North Carolina|Bertie|7247|240|3.31
North Carolina|Bladen|9077|110|1.21
North Carolina|Brunswick|11504|326|2.83
North Carolina|Buncombe|20338|1332|6.55
North Carolina|Burke|30692|1014|3.3
North Carolina|Cabarrus|39688|1441|3.63
North Carolina|Caldwell|11020|142|1.29
North Carolina|Camden|414|0|0
North Carolina|Carteret|3241|244|7.53
North Carolina|Caswell|4852|54|1.11
North Carolina|Catawba|18214|382|2.1
North Carolina|Chatham|43110|1732|4.02
North Carolina|Cherokee|1822|92|5.05
North Carolina|Chowan|1059|0|0
North Carolina|Clay|509|0|0
North Carolina|Cleveland|8260|155|1.88
North Carolina|Columbus|21544|1570|7.29
North Carolina|Craven|12574|345|2.74
North Carolina|Cumberland|44832|1379|3.08
North Carolina|Currituck|851|0|0
North Carolina|Dare|1632|89|5.45
North Carolina|Davidson|31327|805|2.57
North Carolina|Davie|6596|186|2.82
North Carolina|Duplin|49028|842|1.72
North Carolina|Durham|127291|3005|2.36
North Carolina|Edgecombe|13778|531|3.85
North Carolina|Forsyth|90852|1055|1.16
North Carolina|Franklin|12896|1435|11.13
North Carolina|Gaston|26913|507|1.88
North Carolina|Gates|1315|55|4.18
North Carolina|Graham|236|0|0
North Carolina|Granville|27802|752|2.7
North Carolina|Greene|5542|96|1.73
North Carolina|Guilford|93380|4611|4.94
North Carolina|Halifax|11508|111|0.96
North Carolina|Harnett|22407|1500|6.69
North Carolina|Haywood|2936|0|0
North Carolina|Henderson|25013|2748|10.99
North Carolina|Hertford|6590|248|3.76
North Carolina|Hoke|14734|67|0.45
North Carolina|Hyde|156|0|0
North Carolina|Iredell|22161|383|1.73
North Carolina|Jackson|2691|57|2.12
North Carolina|Johnston|39161|1556|3.97
North Carolina|Jones|1695|186|10.97
North Carolina|Lee|29424|239|0.81
North Carolina|Lenoir|14020|450|3.21
North Carolina|Lincoln|6538|4|0.06
North Carolina|Macon|6399|85|1.33
North Carolina|Madison|235|0|0
North Carolina|Martin|4399|205|4.66
North Carolina|McDowell|6217|67|1.08
North Carolina|Mecklenburg|339226|6534|1.93
North Carolina|Mitchell|934|0|0
North Carolina|Montgomery|8824|274|3.11
North Carolina|Moore|15127|613|4.05
North Carolina|Nash|15122|255|1.69
North Carolina|New Hanover|19033|289|1.52
North Carolina|Northampton|10729|756|7.05
North Carolina|Onslow|8488|168|1.98
North Carolina|Orange|27582|2370|8.59
North Carolina|Pamlico|856|0|0
North Carolina|Pasquotank|7409|602|8.13
North Carolina|Pender|6104|57|0.93
North Carolina|Perquimans|1679|117|6.97
North Carolina|Person|3733|63|1.69
North Carolina|Pitt|23495|186|0.79
North Carolina|Polk|2970|188|6.33
North Carolina|Randolph|43829|893|2.04
North Carolina|Richmond|10284|228|2.22
North Carolina|Robeson|48638|1343|2.76
North Carolina|Rockingham|6458|173|2.68
North Carolina|Rowan|49766|2333|4.69
North Carolina|Rutherford|13665|528|3.86
North Carolina|Sampson|31222|174|0.56
North Carolina|Scotland|5267|1|0.02
North Carolina|Stanly|7612|318|4.18
North Carolina|Stokes|4170|10|0.24
North Carolina|Surry|13383|93|0.69
North Carolina|Swain|1292|0|0
North Carolina|Transylvania|998|27|2.71
North Carolina|Tyrrell|349|0|0
North Carolina|Union|38635|1294|3.35
North Carolina|Vance|19487|1434|7.36
North Carolina|Wake|153311|2287|1.49
North Carolina|Warren|4880|102|2.09
North Carolina|Washington|2297|223|9.71
North Carolina|Watauga|1950|0|0
North Carolina|Wayne|79953|1221|1.53
North Carolina|Wilkes|26522|267|1.01
North Carolina|Wilson|26170|798|3.05
North Carolina|Yadkin|10695|162|1.51
North Carolina|Yancey|1115|0|0
North Dakota|Barnes|580|0|0
North Dakota|Benson|110|0|0
North Dakota|Billings|11|0|0
North Dakota|Bottineau|144|0|0
North Dakota|Bowman|85|0|0
North Dakota|Burke|365|0|0
North Dakota|Burleigh|10677|0|0
North Dakota|Cass|101591|3003|2.96
North Dakota|Cavalier|21|0|0
North Dakota|Dickey|79|0|0
North Dakota|Divide|95|0|0
North Dakota|Dunn|871|0|0
North Dakota|Eddy|257|0|0
North Dakota|Emmons|219|85|38.81
North Dakota|Foster|106|0|0
North Dakota|Grand Forks|22537|183|0.81
North Dakota|Grant|146|0|0
North Dakota|Griggs|50|0|0
North Dakota|Hettinger|5|0|0
North Dakota|Kidder|43|0|0
North Dakota|LaMoure|221|0|0
North Dakota|McHenry|162|93|57.41
North Dakota|McIntosh|100|0|0
North Dakota|McKenzie|1358|0|0
North Dakota|McLean|548|0|0
North Dakota|Mercer|289|0|0
North Dakota|Morton|4154|172|4.14
North Dakota|Mountrail|3244|0|0
North Dakota|Nelson|79|0|0
North Dakota|Oliver|95|0|0
North Dakota|Pembina|388|0|0
North Dakota|Pierce|277|0|0
North Dakota|Ramsey|582|44|7.56
North Dakota|Ransom|542|0|0
North Dakota|Renville|138|0|0
North Dakota|Richland|1501|0|0
North Dakota|Rolette|356|0|0
North Dakota|Sargent|232|0|0
North Dakota|Sheridan|25|0|0
North Dakota|Sioux|356|0|0
North Dakota|Slope|260|0|0
North Dakota|Stark|4890|165|3.37
North Dakota|Steele|45|0|0
North Dakota|Stutsman|2077|10|0.48
North Dakota|Traill|652|0|0
North Dakota|Unknown|165|166|100.61
North Dakota|Walsh|928|0|0
North Dakota|Ward|3112|80|2.57
North Dakota|Wells|296|0|0
North Dakota|Williams|1645|0|0
Northern Mariana Islands|Unknown|1814|176|9.7
Ohio|Adams|763|44|5.77
Ohio|Allen|14163|2209|15.6
Ohio|Ashland|1612|5|0.31
Ohio|Ashtabula|20462|2102|10.27
Ohio|Athens|1110|93|8.38
Ohio|Auglaize|4711|228|4.84
Ohio|Belmont|25632|934|3.64
Ohio|Brown|2031|92|4.53
Ohio|Butler|56917|1706|3
Ohio|Carroll|2387|153|6.41
Ohio|Champaign|1930|82|4.25
Ohio|Clark|20467|363|1.77
Ohio|Clermont|14042|342|2.44
Ohio|Clinton|3331|3|0.09
Ohio|Columbiana|46793|3293|7.04
Ohio|Coshocton|2814|2|0.07
Ohio|Crawford|7129|203|2.85
Ohio|Cuyahoga|308165|16157|5.24
Ohio|Darke|11577|1493|12.9
Ohio|Defiance|2457|118|4.8
Ohio|Delaware|23319|745|3.19
Ohio|Erie|10334|782|7.57
Ohio|Fairfield|20282|459|2.26
Ohio|Fayette|2508|0|0
Ohio|Franklin|394119|16157|4.1
Ohio|Fulton|2910|0|0
Ohio|Gallia|646|99|15.33
Ohio|Geauga|19608|1976|10.08
Ohio|Greene|7633|413|5.41
Ohio|Guernsey|2377|80|3.37
Ohio|Hamilton|188170|9701|5.16
Ohio|Hancock|3916|83|2.12
Ohio|Hardin|4143|170|4.1
Ohio|Harrison|614|11|1.79
Ohio|Henry|1018|0|0
Ohio|Highland|1715|58|3.38
Ohio|Hocking|3702|267|7.21
Ohio|Holmes|3776|128|3.39
Ohio|Huron|4718|94|1.99
Ohio|Jackson|843|0|0
Ohio|Jefferson|4710|126|2.68
Ohio|Knox|1947|90|4.62
Ohio|Lake|21616|864|4
Ohio|Lawrence|2524|2|0.08
Ohio|Licking|17687|664|3.75
Ohio|Logan|2604|1|0.04
Ohio|Lorain|50235|3817|7.6
Ohio|Lucas|151664|15420|10.17
Ohio|Madison|9254|456|4.93
Ohio|Mahoning|100368|11891|11.85
Ohio|Marion|186064|1541|0.83
Ohio|Medina|23392|1667|7.13
Ohio|Meigs|393|0|0
Ohio|Mercer|11510|337|2.93
Ohio|Miami|24292|2369|9.75
Ohio|Monroe|3799|587|15.45
Ohio|Montgomery|53457|1137|2.13
Ohio|Morgan|406|0|0
Ohio|Morrow|6662|65|0.98
Ohio|Muskingum|3132|29|0.93
Ohio|Noble|437|0|0
Ohio|Ottawa|6062|771|12.72
Ohio|Paulding|974|0|0
Ohio|Perry|1412|57|4.04
Ohio|Pickaway|144325|2162|1.5
Ohio|Pike|582|0|0
Ohio|Portage|24487|3908|15.96
Ohio|Preble|2796|84|3
Ohio|Putnam|6115|875|14.31
Ohio|Richland|13653|214|1.57
Ohio|Ross|4858|110|2.26
Ohio|Sandusky|5224|693|13.27
Ohio|Scioto|1231|0|0
Ohio|Seneca|1655|139|8.4
Ohio|Shelby|3311|152|4.59
Ohio|Stark|50230|6027|12
Ohio|Summit|92965|9921|10.67
Ohio|Trumbull|40452|3295|8.15
Ohio|Tuscarawas|20918|274|1.31
Ohio|Union|3421|34|0.99
Ohio|Unknown|2|0|0
Ohio|Van Wert|606|0|0
Ohio|Vinton|1104|71|6.43
Ohio|Warren|26876|1223|4.55
Ohio|Washington|8633|1233|14.28
Ohio|Wayne|17836|3239|18.16
Ohio|Williams|3525|78|2.21
Ohio|Wood|19632|2894|14.74
Ohio|Wyandot|2898|202|6.97
Oklahoma|Adair|6450|274|4.25
Oklahoma|Alfalfa|79|0|0
Oklahoma|Atoka|364|0|0
Oklahoma|Beaver|1533|0|0
Oklahoma|Beckham|507|0|0
Oklahoma|Blaine|431|0|0
Oklahoma|Bryan|2340|71|3.03
Oklahoma|Caddo|9790|660|6.74
Oklahoma|Canadian|10958|250|2.28
Oklahoma|Carter|2404|65|2.7
Oklahoma|Cherokee|3028|85|2.81
Oklahoma|Choctaw|3484|34|0.98
Oklahoma|Cimarron|71|0|0
Oklahoma|Cleveland|42122|2827|6.71
Oklahoma|Coal|183|0|0
Oklahoma|Comanche|18038|212|1.18
Oklahoma|Cotton|444|123|27.7
Oklahoma|Craig|1136|0|0
Oklahoma|Creek|7930|531|6.7
Oklahoma|Custer|1887|0|0
Oklahoma|Delaware|8050|1079|13.4
Oklahoma|Dewey|222|0|0
Oklahoma|Ellis|10|0|0
Oklahoma|Garfield|2366|89|3.76
Oklahoma|Garvin|1902|63|3.31
Oklahoma|Grady|6013|201|3.34
Oklahoma|Grant|170|0|0
Oklahoma|Greer|5374|543|10.1
Oklahoma|Harper|74|0|0
Oklahoma|Haskell|412|0|0
Oklahoma|Hughes|132|0|0
Oklahoma|Jackson|1832|122|6.66
Oklahoma|Jefferson|253|0|0
Oklahoma|Johnston|330|0|0
Oklahoma|Kay|5038|543|10.78
Oklahoma|Kingfisher|943|0|0
Oklahoma|Kiowa|439|8|1.82
Oklahoma|Latimer|477|88|18.45
Oklahoma|Le Flore|1214|54|4.45
Oklahoma|Lincoln|1623|117|7.21
Oklahoma|Logan|1662|63|3.79
Oklahoma|Love|949|0|0
Oklahoma|Major|415|78|18.8
Oklahoma|Marshall|705|0|0
Oklahoma|Mayes|2946|317|10.76
Oklahoma|McClain|7119|183|2.57
Oklahoma|McCurtain|6992|61|0.87
Oklahoma|McIntosh|1062|43|4.05
Oklahoma|Murray|405|0|0
Oklahoma|Muskogee|4148|511|12.32
Oklahoma|Noble|987|0|0
Oklahoma|Nowata|1894|22|1.16
Oklahoma|Okfuskee|319|0|0
Oklahoma|Oklahoma|103196|4045|3.92
Oklahoma|Okmulgee|2113|0|0
Oklahoma|Osage|8062|676|8.39
Oklahoma|Ottawa|2954|118|3.99
Oklahoma|Pawnee|3025|183|6.05
Oklahoma|Payne|7406|67|0.9
Oklahoma|Pittsburg|3035|201|6.62
Oklahoma|Pontotoc|1340|139|10.37
Oklahoma|Pottawatomie|4902|322|6.57
Oklahoma|Pushmataha|259|0|0
Oklahoma|Rogers|6552|341|5.2
Oklahoma|Seminole|1782|169|9.48
Oklahoma|Sequoyah|1383|246|17.79
Oklahoma|Stephens|2735|90|3.29
Oklahoma|Texas|48397|314|0.65
Oklahoma|Tillman|1315|50|3.8
Oklahoma|Tulsa|93852|3731|3.98
Oklahoma|Unknown|1|1|100
Oklahoma|Wagoner|12411|1264|10.18
Oklahoma|Washington|23999|2245|9.35
Oklahoma|Washita|101|0|0
Oklahoma|Woods|269|0|0
Oklahoma|Woodward|379|0|0
Oregon|Baker|58|0|0
Oregon|Benton|4311|402|9.32
Oregon|Clackamas|28334|958|3.38
Oregon|Clatsop|2591|0|0
Oregon|Columbia|1466|0|0
Oregon|Coos|2040|0|0
Oregon|Crook|340|0|0
Oregon|Curry|445|0|0
Oregon|Deschutes|9311|0|0
Oregon|Douglas|2294|0|0
Oregon|Grant|103|0|0
Oregon|Harney|64|0|0
Oregon|Hood River|2627|0|0
Oregon|Jackson|5591|0|0
Oregon|Jefferson|2887|0|0
Oregon|Josephine|2078|81|3.9
Oregon|Klamath|4180|0|0
Oregon|Lake|183|0|0
Oregon|Lane|6132|205|3.34
Oregon|Lincoln|6248|16|0.26
Oregon|Linn|9239|674|7.3
Oregon|Malheur|2199|24|1.09
Oregon|Marion|70471|2032|2.88
Oregon|Morrow|1244|11|0.88
Oregon|Multnomah|91610|4382|4.78
Oregon|Polk|7234|619|8.56
Oregon|Sherman|87|0|0
Oregon|Tillamook|532|0|0
Oregon|Umatilla|10498|172|1.64
Oregon|Union|4751|5|0.11
Oregon|Wallowa|220|0|0
Oregon|Wasco|2123|66|3.11
Oregon|Washington|60618|1276|2.1
Oregon|Yamhill|5583|613|10.98
Pennsylvania|Adams|16842|507|3.01
Pennsylvania|Allegheny|143720|10685|7.43
Pennsylvania|Armstrong|4700|299|6.36
Pennsylvania|Beaver|41225|5356|12.99
Pennsylvania|Bedford|3031|130|4.29
Pennsylvania|Berks|281432|18342|6.52
Pennsylvania|Blair|3262|44|1.35
Pennsylvania|Bradford|3352|273|8.14
Pennsylvania|Bucks|345276|30742|8.9
Pennsylvania|Butler|18531|782|4.22
Pennsylvania|Cambria|3817|175|4.58
Pennsylvania|Cameron|156|0|0
Pennsylvania|Carbon|17672|1509|8.54
Pennsylvania|Centre|11323|355|3.14
Pennsylvania|Chester|188317|16829|8.94
Pennsylvania|Clarion|2126|118|5.55
Pennsylvania|Clearfield|2923|0|0
Pennsylvania|Clinton|3663|111|3.03
Pennsylvania|Columbia|25991|1927|7.41
Pennsylvania|Crawford|2247|0|0
Pennsylvania|Cumberland|42706|3090|7.24
Pennsylvania|Dauphin|88189|4969|5.63
Pennsylvania|Delaware|438891|35849|8.17
Pennsylvania|Elk|455|11|2.42
Pennsylvania|Erie|20277|364|1.8
Pennsylvania|Fayette|7477|321|4.29
Pennsylvania|Forest|588|0|0
Pennsylvania|Franklin|46703|1936|4.15
Pennsylvania|Fulton|887|45|5.07
Pennsylvania|Greene|2442|15|0.61
Pennsylvania|Huntingdon|12955|131|1.01
Pennsylvania|Indiana|6611|364|5.51
Pennsylvania|Jefferson|816|19|2.33
Pennsylvania|Juniata|7450|211|2.83
Pennsylvania|Lackawanna|103925|10900|10.49
Pennsylvania|Lancaster|220523|19963|9.05
Pennsylvania|Lawrence|6366|610|9.58
Pennsylvania|Lebanon|72458|1930|2.66
Pennsylvania|Lehigh|280335|13721|4.89
Pennsylvania|Luzerne|206654|9818|4.75
Pennsylvania|Lycoming|10246|817|7.97
Pennsylvania|McKean|791|55|6.95
Pennsylvania|Mercer|7597|277|3.65
Pennsylvania|Mifflin|3947|44|1.11
Pennsylvania|Monroe|105359|6497|6.17
Pennsylvania|Montgomery|493150|44236|8.97
Pennsylvania|Montour|4608|4|0.09
Pennsylvania|Northampton|217365|13538|6.23
Pennsylvania|Northumberland|13200|153|1.16
Pennsylvania|Perry|4032|195|4.84
Pennsylvania|Philadelphia|1574959|84500|5.37
Pennsylvania|Pike|35944|1408|3.92
Pennsylvania|Potter|600|0|0
Pennsylvania|Schuylkill|42931|1922|4.48
Pennsylvania|Snyder|3463|102|2.95
Pennsylvania|Somerset|2833|49|1.73
Pennsylvania|Sullivan|175|0|0
Pennsylvania|Susquehanna|8918|1027|11.52
Pennsylvania|Tioga|1467|152|10.36
Pennsylvania|Union|4511|82|1.82
Pennsylvania|Unknown|18|1|5.56
Pennsylvania|Venango|879|0|0
Pennsylvania|Warren|246|29|11.79
Pennsylvania|Washington|11341|334|2.95
Pennsylvania|Wayne|9399|508|5.4
Pennsylvania|Westmoreland|36287|2652|7.31
Pennsylvania|Wyoming|2355|369|15.67
Pennsylvania|York|74281|1756|2.36
Puerto Rico|Unknown|285551|9498|3.33
Rhode Island|Bristol|14634|457|3.12
Rhode Island|Kent|69272|3717|5.37
Rhode Island|Newport|17039|246|1.44
Rhode Island|Providence|720664|30360|4.21
Rhode Island|Unknown|129435|6846|5.29
Rhode Island|Washington|33701|2805|8.32
South Carolina|Abbeville|3729|0|0
South Carolina|Aiken|14053|558|3.97
South Carolina|Allendale|2278|180|7.9
South Carolina|Anderson|21244|683|3.22
South Carolina|Bamberg|2350|4|0.17
South Carolina|Barnwell|3107|47|1.51
South Carolina|Beaufort|36805|1028|2.79
South Carolina|Berkeley|24741|1120|4.53
South Carolina|Calhoun|1844|92|4.99
South Carolina|Charleston|75388|934|1.24
South Carolina|Cherokee|3836|189|4.93
South Carolina|Chester|5807|31|0.53
South Carolina|Chesterfield|12751|302|2.37
South Carolina|Clarendon|22098|2393|10.83
South Carolina|Colleton|8384|742|8.85
South Carolina|Darlington|19047|541|2.84
South Carolina|Dillon|10561|185|1.75
South Carolina|Dorchester|15771|212|1.34
South Carolina|Edgefield|3586|133|3.71
South Carolina|Fairfield|11346|822|7.24
South Carolina|Florence|45269|2366|5.23
South Carolina|Georgetown|8966|228|2.54
South Carolina|Greenville|139632|3874|2.77
South Carolina|Greenwood|12129|155|1.28
South Carolina|Hampton|2842|39|1.37
South Carolina|Horry|58830|1972|3.35
South Carolina|Jasper|3377|130|3.85
South Carolina|Kershaw|29246|1027|3.51
South Carolina|Lancaster|13958|433|3.1
South Carolina|Laurens|7974|228|2.86
South Carolina|Lee|12863|1029|8
South Carolina|Lexington|60236|2250|3.74
South Carolina|Marion|5644|308|5.46
South Carolina|Marlboro|10507|104|0.99
South Carolina|McCormick|678|86|12.68
South Carolina|Newberry|5314|124|2.33
South Carolina|Oconee|5093|11|0.22
South Carolina|Orangeburg|17509|267|1.52
South Carolina|Pickens|15970|187|1.17
South Carolina|Richland|125604|4382|3.49
South Carolina|Saluda|8898|33|0.37
South Carolina|Spartanburg|49231|1659|3.37
South Carolina|Sumter|34716|1230|3.54
South Carolina|Union|3153|0|0
South Carolina|Williamsburg|15029|699|4.65
South Carolina|York|34659|554|1.6
South Dakota|Aurora|1253|0|0
South Dakota|Beadle|16176|291|1.8
South Dakota|Bennett|47|0|0
South Dakota|Bon Homme|563|0|0
South Dakota|Brookings|1827|0|0
South Dakota|Brown|15293|55|0.36
South Dakota|Brule|296|0|0
South Dakota|Buffalo|1580|6|0.38
South Dakota|Charles Mix|1539|0|0
South Dakota|Clark|397|0|0
South Dakota|Clay|2208|0|0
South Dakota|Codington|2430|0|0
South Dakota|Corson|423|0|0
South Dakota|Custer|105|0|0
South Dakota|Davison|1365|115|8.42
South Dakota|Day|730|0|0
South Dakota|Deuel|105|0|0
South Dakota|Dewey|77|0|0
South Dakota|Douglas|165|0|0
South Dakota|Edmunds|134|0|0
South Dakota|Fall River|326|0|0
South Dakota|Faulk|520|6|1.15
South Dakota|Grant|589|0|0
South Dakota|Gregory|38|0|0
South Dakota|Hamlin|402|0|0
South Dakota|Hand|210|0|0
South Dakota|Hanson|104|0|0
South Dakota|Hughes|1515|0|0
South Dakota|Hutchinson|431|0|0
South Dakota|Hyde|124|0|0
South Dakota|Jackson|173|12|6.94
South Dakota|Jerauld|1685|68|4.04
South Dakota|Kingsbury|141|0|0
South Dakota|Lake|694|22|3.17
South Dakota|Lawrence|994|0|0
South Dakota|Lincoln|16905|14|0.08
South Dakota|Lyman|1386|0|0
South Dakota|Marshall|234|0|0
South Dakota|McCook|489|83|16.97
South Dakota|McPherson|125|0|0
South Dakota|Meade|1278|26|2.03
South Dakota|Mellette|40|0|0
South Dakota|Miner|179|0|0
South Dakota|Minnehaha|224031|2763|1.23
South Dakota|Moody|1094|0|0
South Dakota|Oglala Lakota|1857|0|0
South Dakota|Pennington|14515|267|1.84
South Dakota|Roberts|1940|0|0
South Dakota|Sanborn|624|0|0
South Dakota|Spink|400|0|0
South Dakota|Stanley|627|0|0
South Dakota|Sully|80|0|0
South Dakota|Todd|1823|35|1.92
South Dakota|Tripp|349|0|0
South Dakota|Turner|1584|0|0
South Dakota|Union|5371|20|0.37
South Dakota|Walworth|434|0|0
South Dakota|Yankton|3708|0|0
South Dakota|Ziebach|85|0|0
Tennessee|Anderson|3565|111|3.11
Tennessee|Bedford|21249|271|1.28
Tennessee|Benton|614|69|11.24
Tennessee|Bledsoe|41895|50|0.12
Tennessee|Blount|7306|255|3.49
Tennessee|Bradley|12604|114|0.9
Tennessee|Campbell|1589|77|4.85
Tennessee|Cannon|1583|0|0
Tennessee|Carroll|2119|72|3.4
Tennessee|Carter|1550|77|4.97
Tennessee|Cheatham|8182|2|0.02
Tennessee|Chester|1017|0|0
Tennessee|Claiborne|831|0|0
Tennessee|Clay|614|0|0
Tennessee|Cocke|1717|0|0
Tennessee|Coffee|5051|0|0
Tennessee|Crockett|1088|109|10.02
Tennessee|Cumberland|8509|105|1.23
Tennessee|Davidson|399868|4526|1.13
Tennessee|Decatur|601|0|0
Tennessee|DeKalb|2484|0|0
Tennessee|Dickson|8360|0|0
Tennessee|Dyer|5536|1|0.02
Tennessee|Fayette|9455|125|1.32
Tennessee|Fentress|747|0|0
Tennessee|Franklin|3885|118|3.04
Tennessee|Gibson|4695|70|1.49
Tennessee|Giles|1239|2|0.16
Tennessee|Grainger|928|0|0
Tennessee|Greene|4104|170|4.14
Tennessee|Grundy|2821|78|2.76
Tennessee|Hamblen|4002|188|4.7
Tennessee|Hamilton|73454|1440|1.96
Tennessee|Hancock|68|0|0
Tennessee|Hardeman|11621|12|0.1
Tennessee|Hardin|1824|136|7.46
Tennessee|Hawkins|2789|170|6.1
Tennessee|Haywood|2514|121|4.81
Tennessee|Henderson|1056|0|0
Tennessee|Henry|1920|0|0
Tennessee|Hickman|3811|0|0
Tennessee|Houston|595|0|0
Tennessee|Humphreys|1063|67|6.3
Tennessee|Jackson|1139|0|0
Tennessee|Jefferson|2852|2|0.07
Tennessee|Johnson|1169|0|0
Tennessee|Knox|33983|411|1.21
Tennessee|Lake|29727|0|0
Tennessee|Lauderdale|3766|50|1.33
Tennessee|Lawrence|3103|47|1.51
Tennessee|Lewis|282|0|0
Tennessee|Lincoln|2131|0|0
Tennessee|Loudon|9235|20|0.22
Tennessee|Macon|9852|245|2.49
Tennessee|Madison|12803|121|0.95
Tennessee|Marion|3241|129|3.98
Tennessee|Marshall|2533|82|3.24
Tennessee|Maury|8450|73|0.86
Tennessee|McMinn|9353|732|7.83
Tennessee|McNairy|1592|0|0
Tennessee|Meigs|1622|0|0
Tennessee|Monroe|4428|171|3.86
Tennessee|Montgomery|19877|266|1.34
Tennessee|Moore|283|0|0
Tennessee|Morgan|1142|15|1.31
Tennessee|Obion|2755|102|3.7
Tennessee|Overton|1874|0|0
Tennessee|Perry|1384|0|0
Tennessee|Pickett|175|0|0
Tennessee|Polk|1414|0|0
Tennessee|Putnam|29710|402|1.35
Tennessee|Rhea|9508|0|0
Tennessee|Roane|1429|0|0
Tennessee|Robertson|31258|260|0.83
Tennessee|Rutherford|89899|1648|1.83
Tennessee|Scott|1031|0|0
Tennessee|Sequatchie|1018|0|0
Tennessee|Sevier|12027|146|1.21
Tennessee|Shelby|378587|7980|2.11
Tennessee|Smith|2567|77|3
Tennessee|Stewart|857|0|0
Tennessee|Sullivan|5074|140|2.76
Tennessee|Sumner|71228|3456|4.85
Tennessee|Tipton|27771|166|0.6
Tennessee|Trousdale|86352|258|0.3
Tennessee|Unicoi|1627|0|0
Tennessee|Union|420|0|0
Tennessee|Unknown|6744|61|0.9
Tennessee|Van Buren|263|0|0
Tennessee|Warren|1674|0|0
Tennessee|Washington|6234|0|0
Tennessee|Wayne|3177|0|0
Tennessee|Weakley|2091|7|0.33
Tennessee|White|2185|45|2.06
Tennessee|Williamson|47528|821|1.73
Tennessee|Wilson|31892|631|1.98
Texas|Anderson|18343|30|0.16
Texas|Andrews|2253|0|0
Texas|Angelina|14853|204|1.37
Texas|Aransas|397|0|0
Texas|Archer|115|0|0
Texas|Armstrong|173|0|0
Texas|Atascosa|2903|112|3.86
Texas|Austin|2105|0|0
Texas|Bailey|1826|8|0.44
Texas|Bandera|567|0|0
Texas|Bastrop|14968|230|1.54
Texas|Baylor|31|0|0
Texas|Bee|1201|0|0
Texas|Bell|32667|420|1.29
Texas|Bexar|263857|5550|2.1
Texas|Blanco|820|32|3.9
Texas|Bosque|460|0|0
Texas|Bowie|17114|904|5.28
Texas|Brazoria|74879|889|1.19
Texas|Brazos|45715|1656|3.62
Texas|Brewster|881|1|0.11
Texas|Briscoe|66|0|0
Texas|Brooks|97|0|0
Texas|Brown|3763|540|14.35
Texas|Burleson|2219|0|0
Texas|Burnet|3343|50|1.5
Texas|Caldwell|6456|17|0.26
Texas|Calhoun|3180|208|6.54
Texas|Callahan|607|73|12.03
Texas|Cameron|65032|2355|3.62
Texas|Camp|4081|20|0.49
Texas|Carson|326|0|0
Texas|Cass|1950|111|5.69
Texas|Castro|2652|88|3.32
Texas|Chambers|6777|17|0.25
Texas|Cherokee|3259|121|3.71
Texas|Childress|219|0|0
Texas|Clay|326|0|0
Texas|Cochran|69|0|0
Texas|Coke|123|8|6.5
Texas|Coleman|152|0|0
Texas|Collin|105788|2360|2.23
Texas|Collingsworth|253|0|0
Texas|Colorado|2054|0|0
Texas|Comal|12033|549|4.56
Texas|Comanche|640|62|9.69
Texas|Concho|120|0|0
Texas|Cooke|1194|0|0
Texas|Coryell|17406|139|0.8
Texas|Cottle|238|53|22.27
Texas|Crane|1418|174|12.27
Texas|Crockett|124|0|0
Texas|Crosby|334|77|23.05
Texas|Culberson|27|0|0
Texas|Dallam|2036|20|0.98
Texas|Dallas|739914|15726|2.13
Texas|Dawson|2747|83|3.02
Texas|Deaf Smith|10177|609|5.98
Texas|Delta|147|0|0
Texas|Denton|108058|2310|2.14
Texas|DeWitt|1808|71|3.93
Texas|Dickens|105|0|0
Texas|Dimmit|147|0|0
Texas|Donley|2153|0|0
Texas|Duval|388|0|0
Texas|Eastland|460|0|0
Texas|Ector|18042|387|2.14
Texas|Edwards|12|0|0
Texas|El Paso|190580|4818|2.53
Texas|Ellis|24722|968|3.92
Texas|Erath|2002|89|4.45
Texas|Falls|765|0|0
Texas|Fannin|2871|170|5.92
Texas|Fayette|2857|116|4.06
Texas|Fisher|102|39|38.24
Texas|Floyd|733|4|0.55
Texas|Fort Bend|147753|3063|2.07
Texas|Franklin|1074|0|0
Texas|Freestone|771|0|0
Texas|Frio|3847|0|0
Texas|Gaines|553|0|0
Texas|Galveston|83116|2499|3.01
Texas|Garza|343|0|0
Texas|Gillespie|621|0|0
Texas|Glasscock|121|0|0
Texas|Goliad|580|0|0
Texas|Gonzales|7863|179|2.28
Texas|Gray|6416|118|1.84
Texas|Grayson|19422|136|0.7
Texas|Gregg|15640|414|2.65
Texas|Grimes|10958|94|0.86
Texas|Guadalupe|13555|12|0.09
Texas|Hale|5366|339|6.32
Texas|Hall|80|20|25
Texas|Hamilton|711|39|5.49
Texas|Hansford|1170|115|9.83
Texas|Hardeman|116|0|0
Texas|Hardin|10721|340|3.17
Texas|Harris|997453|16627|1.67
Texas|Harrison|15270|1401|9.17
Texas|Hartley|737|113|15.33
Texas|Haskell|143|0|0
Texas|Hays|48265|251|0.52
Texas|Hemphill|132|0|0
Texas|Henderson|4354|101|2.32
Texas|Hidalgo|66278|918|1.39
Texas|Hill|2156|76|3.53
Texas|Hockley|2096|89|4.25
Texas|Hood|2223|265|11.92
Texas|Hopkins|1741|8|0.46
Texas|Houston|5854|0|0
Texas|Howard|865|81|9.36
Texas|Hudspeth|323|0|0
Texas|Hunt|9091|284|3.12
Texas|Hutchinson|2403|0|0
Texas|Irion|33|0|0
Texas|Jack|340|0|0
Texas|Jackson|1347|48|3.56
Texas|Jasper|2193|133|6.06
Texas|Jeff Davis|8|0|0
Texas|Jefferson|52726|1977|3.75
Texas|Jim Hogg|324|0|0
Texas|Jim Wells|1324|0|0
Texas|Johnson|14165|262|1.85
Texas|Jones|22955|0|0
Texas|Karnes|483|0|0
Texas|Kaufman|16386|140|0.85
Texas|Kendall|2325|0|0
Texas|Kerr|1442|26|1.8
Texas|Kimble|62|0|0
Texas|Kinney|44|0|0
Texas|Kleberg|1327|79|5.95
Texas|Knox|87|0|0
Texas|La Salle|282|0|0
Texas|Lamar|9313|522|5.61
Texas|Lamb|1081|0|0
Texas|Lampasas|688|0|0
Texas|Lavaca|1901|67|3.52
Texas|Lee|1491|72|4.83
Texas|Leon|806|0|0
Texas|Liberty|7641|151|1.98
Texas|Limestone|1939|88|4.54
Texas|Lipscomb|282|0|0
Texas|Live Oak|677|0|0
Texas|Llano|351|0|0
Texas|Lubbock|64907|3743|5.77
Texas|Lynn|828|71|8.57
Texas|Madison|811|0|0
Texas|Marion|1184|35|2.96
Texas|Martin|316|57|18.04
Texas|Mason|1939|0|0
Texas|Matagorda|6645|396|5.96
Texas|Maverick|8042|67|0.83
Texas|McCulloch|305|0|0
Texas|McLennan|14879|356|2.39
Texas|Medina|8101|159|1.96
Texas|Menard|27|0|0
Texas|Midland|14048|826|5.88
Texas|Milam|2491|68|2.73
Texas|Mills|43|0|0
Texas|Mitchell|120|0|0
Texas|Montague|727|71|9.77
Texas|Montgomery|77968|1748|2.24
Texas|Moore|44992|756|1.68
Texas|Morris|1468|0|0
Texas|Motley|79|0|0
Texas|Nacogdoches|19058|1248|6.55
Texas|Navarro|5000|223|4.46
Texas|Newton|395|0|0
Texas|Nolan|403|0|0
Texas|Nueces|29658|251|0.85
Texas|Ochiltree|2768|119|4.3
Texas|Oldham|312|98|31.41
Texas|Orange|7899|134|1.7
Texas|Palo Pinto|870|137|15.75
Texas|Panola|11903|1184|9.95
Texas|Parker|6224|41|0.66
Texas|Parmer|4860|47|0.97
Texas|Pecos|4118|0|0
Texas|Polk|3926|0|0
Texas|Potter|140113|1808|1.29
Texas|Presidio|222|0|0
Texas|Rains|287|0|0
Texas|Randall|41579|391|0.94
Texas|Reagan|71|0|0
Texas|Real|26|0|0
Texas|Red River|3637|312|8.58
Texas|Reeves|489|0|0
Texas|Refugio|247|0|0
Texas|Roberts|161|0|0
Texas|Robertson|927|0|0
Texas|Rockwall|11657|651|5.58
Texas|Runnels|161|0|0
Texas|Rusk|6742|123|1.82
Texas|Sabine|656|28|4.27
Texas|San Augustine|3173|210|6.62
Texas|San Jacinto|1221|0|0
Texas|San Patricio|2791|0|0
Texas|San Saba|78|0|0
Texas|Schleicher|182|0|0
Texas|Scurry|1014|0|0
Texas|Shackelford|55|0|0
Texas|Shelby|13664|404|2.96
Texas|Sherman|1673|0|0
Texas|Smith|18798|324|1.72
Texas|Somervell|72|0|0
Texas|Starr|6770|24|0.35
Texas|Stephens|236|0|0
Texas|Sutton|31|0|0
Texas|Swisher|1221|25|2.05
Texas|Tarrant|403986|10605|2.63
Texas|Taylor|25892|378|1.46
Texas|Terrell|9|0|0
Texas|Terry|1049|0|0
Texas|Throckmorton|1|0|0
Texas|Titus|25709|156|0.61
Texas|Tom Green|7197|82|1.14
Texas|Travis|265736|6066|2.28
Texas|Trinity|1171|0|0
Texas|Tyler|918|0|0
Texas|Upshur|1969|0|0
Texas|Upton|22|0|0
Texas|Uvalde|1389|6|0.43
Texas|Val Verde|2168|0|0
Texas|Van Zandt|2534|118|4.66
Texas|Victoria|14719|446|3.03
Texas|Walker|72942|1324|1.82
Texas|Waller|4840|0|0
Texas|Ward|192|0|0
Texas|Washington|13899|1577|11.35
Texas|Webb|45910|1462|3.18
Texas|Wharton|5511|27|0.49
Texas|Wheeler|915|0|0
Texas|Wichita|9047|151|1.67
Texas|Wilbarger|367|0|0
Texas|Willacy|2809|137|4.88
Texas|Williamson|53337|1587|2.98
Texas|Wilson|3414|311|9.11
Texas|Winkler|331|0|0
Texas|Wise|3254|237|7.28
Texas|Wood|2493|147|5.9
Texas|Yoakum|401|0|0
Texas|Young|646|77|11.92
Texas|Zapata|1083|0|0
Texas|Zavala|645|0|0
Utah|Beaver|63|0|0
Utah|Box Elder|3691|72|1.95
Utah|Cache|33110|37|0.11
Utah|Carbon|736|0|0
Utah|Davis|40584|236|0.58
Utah|Duchesne|668|0|0
Utah|Emery|504|0|0
Utah|Garfield|327|0|0
Utah|Grand|546|0|0
Utah|Iron|7058|0|0
Utah|Juab|748|0|0
Utah|Kane|303|0|0
Utah|Millard|669|0|0
Utah|Morgan|963|0|0
Utah|Piute|94|0|0
Utah|Rich|51|0|0
Utah|Salt Lake|398100|4855|1.22
Utah|San Juan|17379|320|1.84
Utah|Sanpete|1123|0|0
Utah|Sevier|1110|0|0
Utah|Summit|36201|0|0
Utah|Tooele|9401|0|0
Utah|Uintah|994|0|0
Utah|Unknown|321|393|122.43
Utah|Utah|144027|1045|0.73
Utah|Wasatch|20542|124|0.6
Utah|Washington|28090|0|0
Utah|Weber|26194|409|1.56
Vermont|Addison|5609|154|2.75
Vermont|Bennington|4962|84|1.69
Vermont|Caledonia|1242|0|0
Vermont|Chittenden|41494|2954|7.12
Vermont|Essex|199|0|0
Vermont|Franklin|8243|405|4.91
Vermont|Grand Isle|460|0|0
Vermont|Lamoille|2436|84|3.45
Vermont|Orange|716|0|0
Vermont|Orleans|951|0|0
Vermont|Rutland|4549|76|1.67
Vermont|Unknown|609|122|20.03
Vermont|Washington|3292|76|2.31
Vermont|Windham|6617|222|3.35
Vermont|Windsor|4209|188|4.47
Virgin Islands|Unknown|6081|402|6.61
Virginia|Accomack|51065|706|1.38
Virginia|Albemarle|14824|430|2.9
Virginia|Alexandria city|118795|2721|2.29
Virginia|Alleghany|1258|80|6.36
Virginia|Amelia|2035|71|3.49
Virginia|Amherst|1808|4|0.22
Virginia|Appomattox|2018|0|0
Virginia|Arlington|133831|6534|4.88
Virginia|Augusta|7531|98|1.3
Virginia|Bedford|4441|103|2.32
Virginia|Bland|22|0|0
Virginia|Botetourt|3202|253|7.9
Virginia|Bristol city|248|0|0
Virginia|Brunswick|2735|47|1.72
Virginia|Buchanan|1345|0|0
Virginia|Buckingham|26679|149|0.56
Virginia|Buena Vista city|801|0|0
Virginia|Campbell|1491|48|3.22
Virginia|Caroline|4899|160|3.27
Virginia|Carroll|6599|149|2.26
Virginia|Charles City|1942|113|5.82
Virginia|Charlotte|1474|0|0
Virginia|Charlottesville city|8308|195|2.35
Virginia|Chesapeake city|36699|916|2.5
Virginia|Chesterfield|106418|2335|2.19
Virginia|Clarke|1885|0|0
Virginia|Colonial Heights city|6434|792|12.31
Virginia|Covington city|171|0|0
Virginia|Craig|357|0|0
Virginia|Culpeper|37323|424|1.14
Virginia|Cumberland|2286|0|0
Virginia|Danville city|4052|111|2.74
Virginia|Dickenson|25|0|0
Virginia|Dinwiddie|4798|0|0
Virginia|Emporia city|5086|322|6.33
Virginia|Essex|2584|0|0
Virginia|Fairfax|664972|22817|3.43
Virginia|Fairfax city|3773|305|8.08
Virginia|Falls Church city|3296|389|11.8
Virginia|Fauquier|19568|336|1.72
Virginia|Floyd|459|27|5.88
Virginia|Fluvanna|6880|415|6.03
Virginia|Franklin|2786|51|1.83
Virginia|Franklin city|2559|96|3.75
Virginia|Frederick|21585|208|0.96
Virginia|Fredericksburg city|9553|2|0.02
Virginia|Galax city|7897|234|2.96
Virginia|Giles|447|0|0
Virginia|Gloucester|2603|71|2.73
Virginia|Goochland|7375|379|5.14
Virginia|Grayson|2554|43|1.68
Virginia|Greene|2203|71|3.22
Virginia|Greensville|11055|473|4.28
Virginia|Halifax|2164|28|1.29
Virginia|Hampton city|14640|247|1.69
Virginia|Hanover|19854|1368|6.89
Virginia|Harrisonburg city|50987|1403|2.75
Virginia|Henrico|122082|9232|7.56
Virginia|Henry|7706|160|2.08
Virginia|Highland|171|0|0
Virginia|Hopewell city|6212|57|0.92
Virginia|Isle of Wight|9932|308|3.1
Virginia|James City|17269|1133|6.56
Virginia|King and Queen|920|34|3.7
Virginia|King George|4592|282|6.14
Virginia|King William|1603|13|0.81
Virginia|Lancaster|585|0|0
Virginia|Lee|762|0|0
Virginia|Lexington city|510|0|0
Virginia|Loudoun|160290|3706|2.31
Virginia|Louisa|5772|40|0.69
Virginia|Lunenburg|948|0|0
Virginia|Lynchburg city|6294|71|1.13
Virginia|Madison|2308|58|2.51
Virginia|Manassas city|59808|580|0.97
Virginia|Manassas Park city|17773|281|1.58
Virginia|Mathews|393|0|0
Virginia|Mecklenburg|13437|1259|9.37
Virginia|Middlesex|847|0|0
Virginia|Montgomery|6093|87|1.43
Virginia|Nelson|1057|0|0
Virginia|New Kent|2725|75|2.75
Virginia|Newport News city|20233|698|3.45
Virginia|Norfolk city|34614|425|1.23
Virginia|Northampton|13813|1101|7.97
Virginia|Northumberland|1503|55|3.66
Virginia|Norton city|160|0|0
Virginia|Nottoway|2892|16|0.55
Virginia|Orange|6283|62|0.99
Virginia|Page|13140|1163|8.85
Virginia|Patrick|1254|7|0.56
Virginia|Petersburg city|8274|177|2.14
Virginia|Pittsylvania|3097|71|2.29
Virginia|Poquoson city|755|0|0
Virginia|Portsmouth city|20844|767|3.68
Virginia|Powhatan|2597|24|0.92
Virginia|Prince Edward|8114|173|2.13
Virginia|Prince George|7901|4|0.05
Virginia|Prince William|328970|6009|1.83
Virginia|Pulaski|1444|31|2.15
Virginia|Radford city|430|0|0
Virginia|Rappahannock|856|0|0
Virginia|Richmond|16797|255|1.52
Virginia|Richmond city|84188|1626|1.93
Virginia|Roanoke|7762|246|3.17
Virginia|Roanoke city|12527|444|3.54
Virginia|Rockbridge|1119|0|0
Virginia|Rockingham|33592|334|0.99
Virginia|Russell|518|0|0
Virginia|Salem city|2491|120|4.82
Virginia|Scott|549|125|22.77
Virginia|Shenandoah|25674|1114|4.34
Virginia|Smyth|1440|7|0.49
Virginia|Southampton|9777|122|1.25
Virginia|Spotsylvania|36079|664|1.84
Virginia|Stafford|44418|281|0.63
Virginia|Staunton city|2779|0|0
Virginia|Suffolk city|20646|1770|8.57
Virginia|Surry|651|71|10.91
Virginia|Sussex|8265|105|1.27
Virginia|Tazewell|622|0|0
Virginia|Unknown|2135|951|44.54
Virginia|Virginia Beach city|52462|1526|2.91
Virginia|Warren|10826|160|1.48
Virginia|Washington|3876|256|6.6
Virginia|Waynesboro city|2788|0|0
Virginia|Westmoreland|4225|39|0.92
Virginia|Williamsburg city|3236|279|8.62
Virginia|Winchester city|11606|104|0.9
Virginia|Wise|1892|130|6.87
Virginia|Wythe|1917|71|3.7
Virginia|York|5810|186|3.2
Washington|Adams|5601|0|0
Washington|Asotin|1435|136|9.48
Washington|Benton|73890|4813|6.51
Washington|Chelan|16160|594|3.68
Washington|Clallam|2003|0|0
Washington|Clark|41036|2095|5.11
Washington|Columbia|171|0|0
Washington|Cowlitz|6539|0|0
Washington|Douglas|10824|184|1.7
Washington|Ferry|98|0|0
Washington|Franklin|57581|1398|2.43
Washington|Grant|22582|245|1.08
Washington|Grays Harbor|1385|0|0
Washington|Island|16543|878|5.31
Washington|Jefferson|2829|0|0
Washington|King|659399|45197|6.85
Washington|Kitsap|14679|163|1.11
Washington|Kittitas|4942|0|0
Washington|Klickitat|2514|247|9.82
Washington|Lewis|3031|241|7.95
Washington|Lincoln|194|0|0
Washington|Mason|2771|66|2.38
Washington|Okanogan|3845|126|3.28
Washington|Pacific|633|50|7.9
Washington|Pend Oreille|207|0|0
Washington|Pierce|170442|5624|3.3
Washington|San Juan|1350|0|0
Washington|Skagit|34310|1121|3.27
Washington|Skamania|277|0|0
Washington|Snohomish|273763|11250|4.11
Washington|Spokane|50070|2468|4.93
Washington|Stevens|983|79|8.04
Washington|Thurston|12719|199|1.56
Washington|Unknown|9060|0|0
Washington|Wahkiakum|286|0|0
Washington|Walla Walla|8083|125|1.55
Washington|Whatcom|33700|2924|8.68
Washington|Whitman|1879|0|0
Washington|Yakima|266504|6810|2.56
West Virginia|Barbour|671|69|10.28
West Virginia|Berkeley|21716|434|2
West Virginia|Boone|800|0|0
West Virginia|Braxton|173|0|0
West Virginia|Brooke|359|0|0
West Virginia|Cabell|4926|0|0
West Virginia|Calhoun|111|0|0
West Virginia|Clay|313|8|2.56
West Virginia|Fayette|2925|168|5.74
West Virginia|Gilmer|550|0|0
West Virginia|Grant|656|0|0
West Virginia|Greenbrier|1283|4|0.31
West Virginia|Hampshire|1675|73|4.36
West Virginia|Hancock|1254|0|0
West Virginia|Hardy|2078|0|0
West Virginia|Harrison|3393|86|2.53
West Virginia|Jackson|10303|1177|11.42
West Virginia|Jefferson|11463|142|1.24
West Virginia|Kanawha|16996|1069|6.29
West Virginia|Lewis|553|48|8.68
West Virginia|Lincoln|314|0|0
West Virginia|Logan|1332|80|6.01
West Virginia|Marion|4135|172|4.16
West Virginia|Marshall|2055|0|0
West Virginia|Mason|1171|0|0
West Virginia|McDowell|497|0|0
West Virginia|Mercer|1190|0|0
West Virginia|Mineral|2676|66|2.47
West Virginia|Mingo|512|96|18.75
West Virginia|Monongalia|10648|391|3.67
West Virginia|Monroe|534|0|0
West Virginia|Morgan|1275|0|0
West Virginia|Nicholas|582|51|8.76
West Virginia|Ohio|3685|79|2.14
West Virginia|Pendleton|636|26|4.09
West Virginia|Pleasants|259|0|0
West Virginia|Pocahontas|974|0|0
West Virginia|Preston|2020|69|3.42
West Virginia|Putnam|2638|3|0.11
West Virginia|Raleigh|1428|0|0
West Virginia|Randolph|5363|0|0
West Virginia|Ritchie|84|0|0
West Virginia|Roane|652|27|4.14
West Virginia|Summers|87|0|0
West Virginia|Taylor|704|0|0
West Virginia|Tucker|414|0|0
West Virginia|Tyler|253|0|0
West Virginia|Unknown|2|1|50
West Virginia|Upshur|577|0|0
West Virginia|Wayne|7498|596|7.95
West Virginia|Webster|6|0|0
West Virginia|Wetzel|552|0|0
West Virginia|Wirt|287|0|0
West Virginia|Wood|3948|147|3.72
West Virginia|Wyoming|236|0|0
Wisconsin|Adams|478|94|19.67
Wisconsin|Ashland|198|0|0
Wisconsin|Barron|1280|1|0.08
Wisconsin|Bayfield|291|74|25.43
Wisconsin|Brown|145615|1895|1.3
Wisconsin|Buffalo|449|113|25.17
Wisconsin|Burnett|73|48|65.75
Wisconsin|Calumet|4357|73|1.68
Wisconsin|Chippewa|3766|0|0
Wisconsin|Clark|2751|291|10.58
Wisconsin|Columbia|3687|86|2.33
Wisconsin|Crawford|1507|0|0
Wisconsin|Dane|60702|2131|3.51
Wisconsin|Dodge|16189|178|1.1
Wisconsin|Door|2299|201|8.74
Wisconsin|Douglas|1305|0|0
Wisconsin|Dunn|1703|0|0
Wisconsin|Eau Claire|7347|9|0.12
Wisconsin|Florence|180|0|0
Wisconsin|Fond du Lac|13969|376|2.69
Wisconsin|Forest|1303|77|5.91
Wisconsin|Grant|6155|706|11.47
Wisconsin|Green|3847|17|0.44
Wisconsin|Green Lake|1082|0|0
Wisconsin|Iowa|1104|0|0
Wisconsin|Iron|192|96|50
Wisconsin|Jackson|1370|79|5.77
Wisconsin|Jefferson|7771|167|2.15
Wisconsin|Juneau|1704|80|4.69
Wisconsin|Kenosha|72559|1818|2.51
Wisconsin|Kewaunee|2300|78|3.39
Wisconsin|La Crosse|7705|0|0
Wisconsin|Lafayette|1940|0|0
Wisconsin|Langlade|195|0|0
Wisconsin|Lincoln|319|0|0
Wisconsin|Manitowoc|2579|66|2.56
Wisconsin|Marathon|4261|81|1.9
Wisconsin|Marinette|2066|150|7.26
Wisconsin|Marquette|429|74|17.25
Wisconsin|Menominee|212|0|0
Wisconsin|Milwaukee|507300|21376|4.21
Wisconsin|Monroe|1867|64|3.43
Wisconsin|Oconto|2377|0|0
Wisconsin|Oneida|837|0|0
Wisconsin|Outagamie|15739|426|2.71
Wisconsin|Ozaukee|12360|1046|8.46
Wisconsin|Pepin|48|0|0
Wisconsin|Pierce|2674|0|0
Wisconsin|Polk|1448|42|2.9
Wisconsin|Portage|2566|0|0
Wisconsin|Price|122|0|0
Wisconsin|Racine|95680|2421|2.53
Wisconsin|Richland|1057|227|21.48
Wisconsin|Rock|41133|1169|2.84
Wisconsin|Rusk|478|0|0
Wisconsin|Sauk|5923|267|4.51
Wisconsin|Sawyer|480|0|0
Wisconsin|Shawano|2984|0|0
Wisconsin|Sheboygan|7937|246|3.1
Wisconsin|St. Croix|5356|12|0.22
Wisconsin|Taylor|184|0|0
Wisconsin|Trempealeau|2448|0|0
Wisconsin|Unknown|55058|136|0.25
Wisconsin|Vernon|1085|0|0
Wisconsin|Vilas|543|0|0
Wisconsin|Walworth|25372|979|3.86
Wisconsin|Washburn|156|0|0
Wisconsin|Washington|16414|593|3.61
Wisconsin|Waukesha|50599|2072|4.09
Wisconsin|Waupaca|2994|172|5.74
Wisconsin|Waushara|703|0|0
Wisconsin|Winnebago|20349|349|1.72
Wisconsin|Wood|1001|39|3.9
Wyoming|Albany|1391|0|0
Wyoming|Big Horn|452|0|0
Wyoming|Campbell|2640|0|0
Wyoming|Carbon|1075|44|4.09
Wyoming|Converse|1822|0|0
Wyoming|Crook|429|0|0
Wyoming|Fremont|17881|454|2.54
Wyoming|Goshen|407|0|0
Wyoming|Hot Springs|696|0|0
Wyoming|Johnson|1451|79|5.44
Wyoming|Laramie|14362|121|0.84
Wyoming|Lincoln|1074|0|0
Wyoming|Natrona|5846|34|0.58
Wyoming|Niobrara|164|0|0
Wyoming|Park|434|0|0
Wyoming|Platte|51|0|0
Wyoming|Sheridan|1599|0|0
Wyoming|Sublette|286|0|0
Wyoming|Sweetwater|2514|0|0
Wyoming|Teton|8617|69|0.8
Wyoming|Uinta|3191|0|0
Wyoming|Unknown|37|0|0
Wyoming|Washakie|1801|136|7.55
Wyoming|Weston|37|0|0
